"","spec.name","spec.name.ORIG","Squished","Brackets.detected","Number.detected","Unique","Matched","Fuzzy","Fuzzy.toomany","Fuzzy.two","Fuzzy.one","Fuzzy.dist","OriSeq","Subseq","taxonID","scientificNameID","localID","scientificName","taxonRank","parentNameUsageID","scientificNameAuthorship","family","subfamily","tribe","subtribe","genus","subgenus","specificEpithet","infraspecificEpithet","verbatimTaxonRank","nomenclaturalStatus","namePublishedIn","taxonomicStatus","acceptedNameUsageID","originalNameUsageID","nameAccordingToID","taxonRemarks","references","source","majorGroup","tplId","Hybrid","New.accepted","Old.status","Old.ID","Old.name","One.Reason"
"1","Agastache nepetoides","Agastache nepetoides",FALSE,FALSE,FALSE,TRUE,TRUE,FALSE,FALSE,FALSE,FALSE,NA,1,1,"wfo-0000904334","urn:lsid:ipni.org:names:6315-2","4471","Agastache nepetoides","SPECIES","wfo-4000000903","(L.) Kuntze","Lamiaceae","","","","Agastache","","nepetoides","","","","Revis. Gen. Pl. 2: 511 (1891)","ACCEPTED","","wfo-0000217203","","More details could be found in <a href=http://www.theplantlist.org/tpl1.1/record/kew-4471 >The Plant List v.1.1.</a> Originally in <a href=http://www.theplantlist.org/tpl/record/kew-4471 >The Plant List v.1.0</a>","http://www.theplantlist.org/tpl1.1/record/kew-4471","wcs","A","http://www.theplantlist.org/tpl1.1/record/kew-4471","",FALSE,"","","",""
"2","Agastache scrophulariifolia","Agastache scrophulariifolia",FALSE,FALSE,FALSE,TRUE,TRUE,FALSE,FALSE,FALSE,FALSE,NA,2,1,"wfo-0000906952","urn:lsid:ipni.org:names:1063608-2","4496","Agastache scrophulariifolia","SPECIES","wfo-4000000903","(Willd.) Kuntze","Lamiaceae","","","","Agastache","","scrophulariifolia","","","","Revis. Gen. Pl. 2: 511 (1891)","ACCEPTED","","wfo-0000217229","","More details could be found in <a href=http://www.theplantlist.org/tpl1.1/record/kew-4496 >The Plant List v.1.1.</a> Originally in <a href=http://www.theplantlist.org/tpl/record/kew-4496 >The Plant List v.1.0</a>","http://www.theplantlist.org/tpl1.1/record/kew-4496","wcs","A","http://www.theplantlist.org/tpl1.1/record/kew-4496","",FALSE,"","","",""
"3","Agalinis tenuifolia","Agalinis tenuifolia",FALSE,FALSE,FALSE,TRUE,TRUE,FALSE,FALSE,FALSE,FALSE,NA,3,1,"wfo-0000522848","urn:lsid:ipni.org:names:798597-1","757471","Agalinis tenuifolia","SPECIES","wfo-4000000878","(Vahl) Raf.","Orobanchaceae","","","","Agalinis","","tenuifolia","","","","New Fl. [Rafinesque] ii. 64 (1836).","ACCEPTED","","wfo-0000701835","","More details could be found in <a href=http://www.theplantlist.org/tpl1.1/record/kew-2625127 >The Plant List v.1.1.</a> Originally in <a href=http://www.theplantlist.org/tpl/record/kew-2625127 >The Plant List v.1.0</a>","http://www.theplantlist.org/tpl1.1/record/kew-2625127","cmp","A","http://www.theplantlist.org/tpl1.1/record/kew-2625127","",FALSE,"","","",""
"4","Allium canadense","Allium canadense",FALSE,FALSE,FALSE,FALSE,TRUE,FALSE,FALSE,FALSE,FALSE,NA,4,1,"wfo-0000755875","urn:lsid:ipni.org:names:527759-1","295220","Allium canadense","SPECIES","wfo-4000001260","L.","Amaryllidaceae","","","","Allium","","canadense","","","","Sp. Pl. : 1195 (1753)","ACCEPTED","","","","More details could be found in <a href=http://www.theplantlist.org/tpl1.1/record/kew-295220 >The Plant List v.1.1.</a> Originally in <a href=http://www.theplantlist.org/tpl/record/kew-295220 >The Plant List v.1.0</a>","http://www.theplantlist.org/tpl1.1/record/kew-295220","wcs","A","http://www.theplantlist.org/tpl1.1/record/kew-295220","",FALSE,"","","","Not a synonym"
"5","Allium cernuum","Allium cernuum",FALSE,FALSE,FALSE,FALSE,TRUE,FALSE,FALSE,FALSE,FALSE,NA,5,1,"wfo-0000755924","urn:lsid:ipni.org:names:527801-1","295267","Allium cernuum","SPECIES","wfo-4000001260","Roth","Amaryllidaceae","","","","Allium","","cernuum","","","","Arch. Bot. (Leipzig) 1(2): 40 (1798)","ACCEPTED","","","","More details could be found in <a href=http://www.theplantlist.org/tpl1.1/record/kew-295267 >The Plant List v.1.1.</a> Originally in <a href=http://www.theplantlist.org/tpl/record/kew-295267 >The Plant List v.1.0</a>","http://www.theplantlist.org/tpl1.1/record/kew-295267","wcs","A","http://www.theplantlist.org/tpl1.1/record/kew-295267","",FALSE,"","","","Not a synonym"
"6","Amorpha canescens","Amorpha canescens",FALSE,FALSE,FALSE,FALSE,TRUE,FALSE,FALSE,FALSE,FALSE,NA,6,1,"wfo-0000178822","urn:lsid:ipni.org:names:60431313-2","24889","Amorpha canescens","SPECIES","wfo-4000001655","Pursh","Fabaceae","","","","Amorpha","","canescens","","","","Fl. Amer. Sept. 2: 467 (1813)","ACCEPTED","","","","More details could be found in <a href=http://www.theplantlist.org/tpl1.1/record/ild-24889 >The Plant List v.1.1.</a> Originally in <a href=http://www.theplantlist.org/tpl/record/ild-24889 >The Plant List v.1.0</a>","http://www.theplantlist.org/tpl1.1/record/ild-24889","ildis","A","http://www.theplantlist.org/tpl1.1/record/ild-24889","",FALSE,"","","","Accepted"
"7","Andropogon gerardii","Andropogon gerardii",FALSE,FALSE,FALSE,TRUE,TRUE,FALSE,FALSE,FALSE,FALSE,NA,7,1,"wfo-0000846629","urn:lsid:ipni.org:names:30435428-2","392462","Andropogon gerardii","SPECIES","wfo-4000002006","Vitman","Poaceae","","","","Andropogon","","gerardii","","","","Summa Pl. 6: 16 (1792)","ACCEPTED","","","","More details could be found in <a href=http://www.theplantlist.org/tpl1.1/record/kew-392462 >The Plant List v.1.1.</a> Originally in <a href=http://www.theplantlist.org/tpl/record/kew-392462 >The Plant List v.1.0</a>","http://www.theplantlist.org/tpl1.1/record/kew-392462","wcs","A","http://www.theplantlist.org/tpl1.1/record/kew-392462","",FALSE,"","","",""
"8","Anemone canadensis","Anemone canadensis",FALSE,FALSE,FALSE,TRUE,TRUE,FALSE,FALSE,FALSE,FALSE,NA,8,1,"wfo-0001330671","urn:lsid:ipni.org:names:60473574-2","60473574-2","Anemonastrum canadense","SPECIES","wfo-4000002051","(L.) Mosyakin","Ranunculaceae","","","","Anemonastrum","","canadense","","","","Phytoneuron 2016-79: 4 (2016)","ACCEPTED","","","","","https://wcvp.science.kew.org/taxon/60473574-2","ipni","A","","",TRUE,"SYNONYM","wfo-0000535158","Anemone canadensis",""
"9","Anemone cylindrica","Anemone cylindrica",FALSE,FALSE,FALSE,TRUE,TRUE,FALSE,FALSE,FALSE,FALSE,NA,9,1,"wfo-0000535215","urn:lsid:ipni.org:names:708323-1","770270","Anemone cylindrica","SPECIES","wfo-4000002053","A.Gray","Ranunculaceae","","","","Anemone","","cylindrica","","","","Ann. Lyceum Nat. Hist. New York 3: 221 (1828-836)","ACCEPTED","","","","More details could be found in <a href=http://www.theplantlist.org/tpl1.1/record/kew-2638150 >The Plant List v.1.1.</a> Originally in <a href=http://www.theplantlist.org/tpl/record/kew-2638150 >The Plant List v.1.0</a>","http://www.theplantlist.org/tpl1.1/record/kew-2638150","cmp","A","http://www.theplantlist.org/tpl1.1/record/kew-2638150","",FALSE,"","","",""
"10","Anemone virginiana","Anemone virginiana",FALSE,FALSE,FALSE,TRUE,TRUE,FALSE,FALSE,FALSE,FALSE,NA,10,1,"wfo-0000535900","urn:lsid:ipni.org:names:708711-1","770910","Anemone virginiana","SPECIES","wfo-4000002053","L.","Ranunculaceae","","","","Anemone","","virginiana","","","","Sp. Pl. : 540 (1753)","ACCEPTED","","","","More details could be found in <a href=http://www.theplantlist.org/tpl1.1/record/kew-2638797 >The Plant List v.1.1.</a> Originally in <a href=http://www.theplantlist.org/tpl/record/kew-2638797 >The Plant List v.1.0</a>","http://www.theplantlist.org/tpl1.1/record/kew-2638797","cmp","A","http://www.theplantlist.org/tpl1.1/record/kew-2638797","",FALSE,"","","",""
"11","Antennaria neglecta","Antennaria neglecta",FALSE,FALSE,FALSE,TRUE,TRUE,FALSE,FALSE,FALSE,FALSE,NA,11,1,"wfo-0000029508","urn:lsid:ipni.org:names:14759-2","GCC-5696D1D3-7B37-4BF0-941F-DA316DA528D2","Antennaria neglecta","SPECIES","wfo-4000002356","Greene","Asteraceae","","","","Antennaria","","neglecta","","","","Pittonia 3(16): 173 (1897)","ACCEPTED","","","","More details could be found in <a href=http://www.theplantlist.org/tpl1.1/record/gcc-128516 >The Plant List v.1.1.</a> Originally in <a href=http://www.theplantlist.org/tpl/record/gcc-128516 >The Plant List v.1.0</a>","http://www.theplantlist.org/tpl1.1/record/gcc-128516","gcc","A","http://www.theplantlist.org/tpl1.1/record/gcc-128516","",FALSE,"","","",""
"12","Arnoglossum plantagineum","Arnoglossum plantagineum",FALSE,FALSE,FALSE,TRUE,TRUE,FALSE,FALSE,FALSE,FALSE,NA,12,1,"wfo-0000073256","urn:lsid:ipni.org:names:20123-2","GCC-F9FB5B07-70FA-4642-8F33-377C155B1B27","Arnoglossum plantagineum","SPECIES","wfo-4000003096","Raf.","Asteraceae","","","","Arnoglossum","","plantagineum","","","","Fl. Ludov. : 65 (1817)","ACCEPTED","","","","More details could be found in <a href=http://www.theplantlist.org/tpl1.1/record/gcc-29997 >The Plant List v.1.1.</a> Originally in <a href=http://www.theplantlist.org/tpl/record/gcc-29997 >The Plant List v.1.0</a>","http://www.theplantlist.org/tpl1.1/record/gcc-29997","gcc","A","http://www.theplantlist.org/tpl1.1/record/gcc-29997","",FALSE,"","","",""
"13","Asclepias hirtella","Asclepias hirtella",FALSE,FALSE,FALSE,TRUE,TRUE,FALSE,FALSE,FALSE,FALSE,NA,13,1,"wfo-0000551395","urn:lsid:ipni.org:names:21200-2","786898","Asclepias hirtella","SPECIES","wfo-4000003243","(Pennell) Woodson","Apocynaceae","","","","Asclepias","","hirtella","","","","Ann. Missouri Bot. Gard. 28: 207 (1941)","ACCEPTED","","wfo-0000515336","","More details could be found in <a href=http://www.theplantlist.org/tpl1.1/record/kew-2654849 >The Plant List v.1.1.</a> Originally in <a href=http://www.theplantlist.org/tpl/record/kew-2654849 >The Plant List v.1.0</a>","https://wcvp.science.kew.org/taxon/21200-2","cmp","A","http://www.theplantlist.org/tpl1.1/record/kew-2654849","",FALSE,"","","",""
"14","Asclepias sullivantii","Asclepias sullivantii",FALSE,FALSE,FALSE,FALSE,TRUE,FALSE,FALSE,FALSE,FALSE,NA,14,1,"wfo-0000551798","urn:lsid:ipni.org:names:94678-1","787262","Asclepias sullivantii","SPECIES","wfo-4000003243","Engelm. ex A.Gray","Apocynaceae","","","","Asclepias","","sullivantii","","","","Manual : 366 (1848)","ACCEPTED","","","","More details could be found in <a href=http://www.theplantlist.org/tpl1.1/record/kew-2655214 >The Plant List v.1.1.</a> Originally in <a href=http://www.theplantlist.org/tpl/record/kew-2655214 >The Plant List v.1.0</a>","http://www.theplantlist.org/tpl1.1/record/kew-2655214","cmp","A","http://www.theplantlist.org/tpl1.1/record/kew-2655214","",FALSE,"","","","Not a synonym"
"15","Asclepias syriaca","Asclepias syriaca",FALSE,FALSE,FALSE,TRUE,TRUE,FALSE,FALSE,FALSE,FALSE,NA,15,1,"wfo-0000551803","urn:lsid:ipni.org:names:94683-1","787267","Asclepias syriaca","SPECIES","wfo-4000003243","L.","Apocynaceae","","","","Asclepias","","syriaca","","","","Sp. Pl. 1: 214. 1753 [1 May 1753]","ACCEPTED","","","","More details could be found in <a href=http://www.theplantlist.org/tpl1.1/record/kew-2655219 >The Plant List v.1.1.</a> Originally in <a href=http://www.theplantlist.org/tpl/record/kew-2655219 >The Plant List v.1.0</a>","http://www.theplantlist.org/tpl1.1/record/kew-2655219","cmp","A","http://www.theplantlist.org/tpl1.1/record/kew-2655219","",FALSE,"","","",""
"16","Asclepias tuberosa","Asclepias tuberosa",FALSE,FALSE,FALSE,TRUE,TRUE,FALSE,FALSE,FALSE,FALSE,NA,16,1,"wfo-0000551830","urn:lsid:ipni.org:names:94704-1","787292","Asclepias tuberosa","SPECIES","wfo-4000003243","L.","Apocynaceae","","","","Asclepias","","tuberosa","","","","Sp. Pl. : 217 (1753)","ACCEPTED","","","","More details could be found in <a href=http://www.theplantlist.org/tpl1.1/record/kew-2655244 >The Plant List v.1.1.</a> Originally in <a href=http://www.theplantlist.org/tpl/record/kew-2655244 >The Plant List v.1.0</a>","http://www.theplantlist.org/tpl1.1/record/kew-2655244","cmp","A","http://www.theplantlist.org/tpl1.1/record/kew-2655244","",FALSE,"","","",""
"17","Asclepias verticillata","Asclepias verticillata",FALSE,FALSE,FALSE,TRUE,TRUE,FALSE,FALSE,FALSE,FALSE,NA,17,1,"wfo-0000551862","urn:lsid:ipni.org:names:94722-1","787322","Asclepias verticillata","SPECIES","wfo-4000003243","L.","Apocynaceae","","","","Asclepias","","verticillata","","","","Sp. Pl. : 217 (1753)","ACCEPTED","","","","More details could be found in <a href=http://www.theplantlist.org/tpl1.1/record/kew-2655274 >The Plant List v.1.1.</a> Originally in <a href=http://www.theplantlist.org/tpl/record/kew-2655274 >The Plant List v.1.0</a>","http://www.theplantlist.org/tpl1.1/record/kew-2655274","cmp","A","http://www.theplantlist.org/tpl1.1/record/kew-2655274","",FALSE,"","","",""
"18","Astragalus canadensis","Astragalus canadensis",FALSE,FALSE,FALSE,TRUE,TRUE,FALSE,FALSE,FALSE,FALSE,NA,18,1,"wfo-0000168919","urn:lsid:ipni.org:names:24595-2","15256","Astragalus canadensis","SPECIES","wfo-4000003460","L.","Fabaceae","","","","Astragalus","","canadensis","","","","Sp. Pl. : 757 (1753)","ACCEPTED","","","","More details could be found in <a href=http://www.theplantlist.org/tpl1.1/record/ild-15256 >The Plant List v.1.1.</a> Originally in <a href=http://www.theplantlist.org/tpl/record/ild-15256 >The Plant List v.1.0</a>","http://www.theplantlist.org/tpl1.1/record/ild-15256","ildis","A","http://www.theplantlist.org/tpl1.1/record/ild-15256","",FALSE,"","","",""
"19","Baptisia alba","Baptisia alba",FALSE,FALSE,FALSE,FALSE,TRUE,FALSE,FALSE,FALSE,FALSE,NA,19,1,"wfo-0000179154","","25319","Baptisia alba","SPECIES","wfo-4000004037","(L.) Vent.","Fabaceae","","","","Baptisia","","alba","","","","","ACCEPTED","","","","More details could be found in <a href=http://www.theplantlist.org/tpl1.1/record/ild-25319 >The Plant List v.1.1.</a> Originally in <a href=http://www.theplantlist.org/tpl/record/ild-25319 >The Plant List v.1.0</a>","http://www.theplantlist.org/tpl1.1/record/ild-25319","ildis","A","http://www.theplantlist.org/tpl1.1/record/ild-25319","",FALSE,"","","","Accepted"
"20","Baptisia bracteata","Baptisia bracteata",FALSE,FALSE,FALSE,TRUE,TRUE,FALSE,FALSE,FALSE,FALSE,NA,20,1,"wfo-0000182250","urn:lsid:ipni.org:names:480955-1","28341","Baptisia bracteata","SPECIES","wfo-4000004037","Muhl. ex Elliott","Fabaceae","","","","Baptisia","","bracteata","","","","Sketch Bot. S. Carolina 1: 469 (1817)","ACCEPTED","","","","More details could be found in <a href=http://www.theplantlist.org/tpl1.1/record/ild-28341 >The Plant List v.1.1.</a> Originally in <a href=http://www.theplantlist.org/tpl/record/ild-28341 >The Plant List v.1.0</a>","http://www.theplantlist.org/tpl1.1/record/ild-28341","ildis","A","http://www.theplantlist.org/tpl1.1/record/ild-28341","",FALSE,"","","",""
"21","Blephilia ciliata","Blephilia ciliata",FALSE,FALSE,FALSE,TRUE,TRUE,FALSE,FALSE,FALSE,FALSE,NA,21,1,"wfo-0000344368","urn:lsid:ipni.org:names:60464893-2","22444","Blephilia ciliata","SPECIES","wfo-4000004795","(L.) Raf. ex Benth.","Lamiaceae","","","","Blephilia","","ciliata","","","","Labiat. Gen. Spec. : 319 (1833)","ACCEPTED","","wfo-0000245300","","More details could be found in <a href=http://www.theplantlist.org/tpl1.1/record/kew-22444 >The Plant List v.1.1.</a> Originally in <a href=http://www.theplantlist.org/tpl/record/kew-22444 >The Plant List v.1.0</a>","http://www.theplantlist.org/tpl1.1/record/kew-22444","wcs","A","http://www.theplantlist.org/tpl1.1/record/kew-22444","",FALSE,"","","",""
"22","Bouteloua curtipendula","Bouteloua curtipendula",FALSE,FALSE,FALSE,TRUE,TRUE,FALSE,FALSE,FALSE,FALSE,NA,22,1,"wfo-0000853887","urn:lsid:ipni.org:names:1198286-2","399418","Bouteloua curtipendula","SPECIES","wfo-4000005139","(Michx.) Torr. in Marcy","Poaceae","","","","Bouteloua","","curtipendula","","","","Explor. Red River Louisiana : 300 (1853)","ACCEPTED","","wfo-0000859471","","More details could be found in <a href=http://www.theplantlist.org/tpl1.1/record/kew-399418 >The Plant List v.1.1.</a> Originally in <a href=http://www.theplantlist.org/tpl/record/kew-399418 >The Plant List v.1.0</a>","http://www.theplantlist.org/tpl1.1/record/kew-399418","wcs","A","http://www.theplantlist.org/tpl1.1/record/kew-399418","",FALSE,"","","",""
"23","Brickellia eupatorioides","Brickellia eupatorioides",FALSE,FALSE,FALSE,TRUE,TRUE,FALSE,FALSE,FALSE,FALSE,NA,23,1,"wfo-0000048503","urn:lsid:ipni.org:names:36409-2","GCC-4656E9BF-68B7-49D8-9DE6-249AE66CF641","Brickellia eupatorioides","SPECIES","wfo-4000005423","(L.) Shinners","Asteraceae","","","","Brickellia","","eupatorioides","","","","Sida 4: 274 (1971)","ACCEPTED","","wfo-0000077175","","More details could be found in <a href=http://www.theplantlist.org/tpl1.1/record/gcc-146997 >The Plant List v.1.1.</a> Originally in <a href=http://www.theplantlist.org/tpl/record/gcc-146997 >The Plant List v.1.0</a>","http://www.theplantlist.org/tpl1.1/record/gcc-146997","gcc","A","http://www.theplantlist.org/tpl1.1/record/gcc-146997","",FALSE,"","","",""
"24","Bromus kalmii","Bromus kalmii",FALSE,FALSE,FALSE,TRUE,TRUE,FALSE,FALSE,FALSE,FALSE,NA,24,1,"wfo-0000855847","urn:lsid:ipni.org:names:37071-2","401297","Bromus kalmii","SPECIES","wfo-4000005481","A.Gray","Poaceae","","","","Bromus","","kalmii","","","","Manual : 600 (1848)","ACCEPTED","","","","More details could be found in <a href=http://www.theplantlist.org/tpl1.1/record/kew-401297 >The Plant List v.1.1.</a> Originally in <a href=http://www.theplantlist.org/tpl/record/kew-401297 >The Plant List v.1.0</a>","http://www.theplantlist.org/tpl1.1/record/kew-401297","wcs","A","http://www.theplantlist.org/tpl1.1/record/kew-401297","",FALSE,"","","",""
"25","Campanula rotundifolia","Campanula rotundifolia",FALSE,FALSE,FALSE,TRUE,TRUE,FALSE,FALSE,FALSE,FALSE,NA,25,1,"wfo-0000828550","urn:lsid:ipni.org:names:30036649-2","365918","Campanula rotundifolia","SPECIES","wfo-4000006381","L.","Campanulaceae","","","","Campanula","","rotundifolia","","","","Sp. Pl. : 163 (1753)","ACCEPTED","","","","More details could be found in <a href=http://www.theplantlist.org/tpl1.1/record/kew-365918 >The Plant List v.1.1.</a> Originally in <a href=http://www.theplantlist.org/tpl/record/kew-365918 >The Plant List v.1.0</a>","http://www.theplantlist.org/tpl1.1/record/kew-365918","wcs","A","http://www.theplantlist.org/tpl1.1/record/kew-365918","",FALSE,"","","",""
"26","Camassia scilloides","Camassia scilloides",FALSE,FALSE,FALSE,TRUE,TRUE,FALSE,FALSE,FALSE,FALSE,NA,26,1,"wfo-0000762903","urn:lsid:ipni.org:names:43771-2","301866","Camassia scilloides","SPECIES","wfo-4000006348","(Raf.) Cory","Asparagaceae","","","","Camassia","","scilloides","","","","Rhodora 38: 405 (1936)","ACCEPTED","","wfo-0000644351","","More details could be found in <a href=http://www.theplantlist.org/tpl1.1/record/kew-301866 >The Plant List v.1.1.</a> Originally in <a href=http://www.theplantlist.org/tpl/record/kew-301866 >The Plant List v.1.0</a>","http://www.theplantlist.org/tpl1.1/record/kew-301866","wcs","A","http://www.theplantlist.org/tpl1.1/record/kew-301866","",FALSE,"","","",""
"27","Castilleja coccinea","Castilleja coccinea",FALSE,FALSE,FALSE,FALSE,TRUE,FALSE,FALSE,FALSE,FALSE,NA,27,1,"wfo-0000590127","urn:lsid:ipni.org:names:30322452-2","835791","Castilleja coccinea","SPECIES","wfo-4000006945","(L.) Spreng.","Orobanchaceae","","","","Castilleja","","coccinea","","","","Syst. Veg. 2: 775 (1825)","ACCEPTED","","","","More details could be found in <a href=http://www.theplantlist.org/tpl1.1/record/kew-2704941 >The Plant List v.1.1.</a> Originally in <a href=http://www.theplantlist.org/tpl/record/kew-2704941 >The Plant List v.1.0</a>","https://wcvp.science.kew.org/taxon/30322452-2","cmp","A","http://www.theplantlist.org/tpl1.1/record/kew-2704941","",FALSE,"","","","smallest ID"
"28","Ceanothus americanus","Ceanothus americanus",FALSE,FALSE,FALSE,TRUE,TRUE,FALSE,FALSE,FALSE,FALSE,NA,28,1,"wfo-0000591761","urn:lsid:ipni.org:names:319138-2","837289","Ceanothus americanus","SPECIES","wfo-4000007095","L.","Rhamnaceae","","","","Ceanothus","","americanus","","","","Sp. Pl. : 195 (1753)","ACCEPTED","","","","More details could be found in <a href=http://www.theplantlist.org/tpl1.1/record/kew-2706604 >The Plant List v.1.1.</a> Originally in <a href=http://www.theplantlist.org/tpl/record/kew-2706604 >The Plant List v.1.0</a>","http://www.theplantlist.org/tpl1.1/record/kew-2706604","cmp","A","http://www.theplantlist.org/tpl1.1/record/kew-2706604","",FALSE,"","","",""
"29","Chamaecrista fasciculata","Chamaecrista fasciculata",FALSE,FALSE,FALSE,TRUE,TRUE,FALSE,FALSE,FALSE,FALSE,NA,29,1,"wfo-0000178525","urn:lsid:ipni.org:names:30152763-2","24601","Chamaecrista fasciculata","SPECIES","wfo-4000007584","(Michx.) Greene","Fabaceae","","","","Chamaecrista","","fasciculata","","","","","ACCEPTED","","","","More details could be found in <a href=http://www.theplantlist.org/tpl1.1/record/ild-24601 >The Plant List v.1.1.</a> Originally in <a href=http://www.theplantlist.org/tpl/record/ild-24601 >The Plant List v.1.0</a>","http://www.theplantlist.org/tpl1.1/record/ild-24601","ildis","A","http://www.theplantlist.org/tpl1.1/record/ild-24601","",FALSE,"","","",""
"30","Coreopsis palmata","Coreopsis palmata",FALSE,FALSE,FALSE,TRUE,TRUE,FALSE,FALSE,FALSE,FALSE,NA,30,1,"wfo-0000044527","urn:lsid:ipni.org:names:65888-2","GCC-F71549E9-39C2-4AD4-9F1F-FB1493DAA999","Coreopsis palmata","SPECIES","wfo-4000009296","Nutt.","Asteraceae","","","","Coreopsis","","palmata","","","","Gen. N. Amer. Pl. 2: 180 (1818)","ACCEPTED","","","","More details could be found in <a href=http://www.theplantlist.org/tpl1.1/record/gcc-143070 >The Plant List v.1.1.</a> Originally in <a href=http://www.theplantlist.org/tpl/record/gcc-143070 >The Plant List v.1.0</a>","http://www.theplantlist.org/tpl1.1/record/gcc-143070","gcc","A","http://www.theplantlist.org/tpl1.1/record/gcc-143070","",FALSE,"","","",""
"31","Carex annectens","Carex annectens",FALSE,FALSE,FALSE,TRUE,TRUE,FALSE,FALSE,FALSE,FALSE,NA,31,1,"wfo-0000344445","urn:lsid:ipni.org:names:45733-2","224509","Carex annectens","SPECIES","wfo-4000006709","(E.P.Bicknell) E.P.Bicknell","Cyperaceae","","","","Carex","","annectens","","","","Bull. Torrey Bot. Club 35: 492 (1908)","ACCEPTED","","wfo-0000352725","","More details could be found in <a href=http://www.theplantlist.org/tpl1.1/record/kew-224509 >The Plant List v.1.1.</a> Originally in <a href=http://www.theplantlist.org/tpl/record/kew-224509 >The Plant List v.1.0</a>","http://www.theplantlist.org/tpl1.1/record/kew-224509","wcs","A","http://www.theplantlist.org/tpl1.1/record/kew-224509","",FALSE,"","","",""
"32.1","Carex bicknellii","Carex bicknellii",FALSE,FALSE,FALSE,FALSE,TRUE,FALSE,FALSE,FALSE,FALSE,NA,32,2,"wfo-0000344891","urn:lsid:ipni.org:names:298815-1","224929","Carex bicknellii","SPECIES","wfo-4000006709","Britton & A.Brown","Cyperaceae","","","","Carex","","bicknellii","","","","Fl. N. U.S. i. 360.","ACCEPTED","","","","More details could be found in <a href=http://www.theplantlist.org/tpl1.1/record/kew-224929 >The Plant List v.1.1.</a> Originally in <a href=http://www.theplantlist.org/tpl/record/kew-224929 >The Plant List v.1.0</a>","http://www.theplantlist.org/tpl1.1/record/kew-224929","wcs","A","http://www.theplantlist.org/tpl1.1/record/kew-224929","",FALSE,"","","","Not a synonym"
"33","Carex blanda","Carex blanda",FALSE,FALSE,FALSE,TRUE,TRUE,FALSE,FALSE,FALSE,FALSE,NA,33,1,"wfo-0000344953","urn:lsid:ipni.org:names:298848-1","224985","Carex blanda","SPECIES","wfo-4000006709","Dewey","Cyperaceae","","","","Carex","","blanda","","","","Amer. J. Sci. Arts 10: 45 (1826)","ACCEPTED","","","","More details could be found in <a href=http://www.theplantlist.org/tpl1.1/record/kew-224985 >The Plant List v.1.1.</a> Originally in <a href=http://www.theplantlist.org/tpl/record/kew-224985 >The Plant List v.1.0</a>","http://www.theplantlist.org/tpl1.1/record/kew-224985","wcs","A","http://www.theplantlist.org/tpl1.1/record/kew-224985","",FALSE,"","","",""
"34","Carex brevior","Carex brevior",FALSE,FALSE,FALSE,TRUE,TRUE,FALSE,FALSE,FALSE,FALSE,NA,34,1,"wfo-0000345100","urn:lsid:ipni.org:names:45890-2","225121","Carex brevior","SPECIES","wfo-4000006709","(Dewey) Mack.","Cyperaceae","","","","Carex","","brevior","","","","Amer. Midl. Naturalist 4: 235 (1915)","ACCEPTED","","wfo-0000351592","","More details could be found in <a href=http://www.theplantlist.org/tpl1.1/record/kew-225121 >The Plant List v.1.1.</a> Originally in <a href=http://www.theplantlist.org/tpl/record/kew-225121 >The Plant List v.1.0</a>","http://www.theplantlist.org/tpl1.1/record/kew-225121","wcs","A","http://www.theplantlist.org/tpl1.1/record/kew-225121","",FALSE,"","","",""
"35","Carex gravida","Carex gravida",FALSE,FALSE,FALSE,TRUE,TRUE,FALSE,FALSE,FALSE,FALSE,NA,35,1,"wfo-0000347223","urn:lsid:ipni.org:names:292646-2","227114","Carex gravida","SPECIES","wfo-4000006709","L.H.Bailey","Cyperaceae","","","","Carex","","gravida","","","","Mem. Torrey Bot. Club 1: 5 (1889)","ACCEPTED","","","","More details could be found in <a href=http://www.theplantlist.org/tpl1.1/record/kew-227114 >The Plant List v.1.1.</a> Originally in <a href=http://www.theplantlist.org/tpl/record/kew-227114 >The Plant List v.1.0</a>","http://www.theplantlist.org/tpl1.1/record/kew-227114","wcs","A","http://www.theplantlist.org/tpl1.1/record/kew-227114","",FALSE,"","","",""
"36","Carex molesta","Carex molesta",FALSE,FALSE,FALSE,TRUE,TRUE,FALSE,FALSE,FALSE,FALSE,NA,36,1,"wfo-0000348949","urn:lsid:ipni.org:names:46669-2","228728","Carex molesta","SPECIES","wfo-4000006709","Mack.","Cyperaceae","","","","Carex","","molesta","","","","N. Amer. Fl. 18: 151 (1931)","ACCEPTED","","","","More details could be found in <a href=http://www.theplantlist.org/tpl1.1/record/kew-228728 >The Plant List v.1.1.</a> Originally in <a href=http://www.theplantlist.org/tpl/record/kew-228728 >The Plant List v.1.0</a>","http://www.theplantlist.org/tpl1.1/record/kew-228728","wcs","A","http://www.theplantlist.org/tpl1.1/record/kew-228728","",FALSE,"","","",""
"37","Carex normalis","Carex normalis",FALSE,FALSE,FALSE,TRUE,TRUE,FALSE,FALSE,FALSE,FALSE,NA,37,1,"wfo-0000349330","urn:lsid:ipni.org:names:301238-1","229085","Carex normalis","SPECIES","wfo-4000006709","Mack.","Cyperaceae","","","","Carex","","normalis","","","","Bull. Torrey Bot. Club 37: 244. 1910","ACCEPTED","","wfo-0000348912","","More details could be found in <a href=http://www.theplantlist.org/tpl1.1/record/kew-229085 >The Plant List v.1.1.</a> Originally in <a href=http://www.theplantlist.org/tpl/record/kew-229085 >The Plant List v.1.0</a>","http://www.theplantlist.org/tpl1.1/record/kew-229085","wcs","A","http://www.theplantlist.org/tpl1.1/record/kew-229085","",FALSE,"","","",""
"38","Dalea candida","Dalea candida",FALSE,FALSE,FALSE,TRUE,TRUE,FALSE,FALSE,FALSE,FALSE,NA,38,1,"wfo-0000170467","urn:lsid:ipni.org:names:30189316-2","16740","Dalea candida","SPECIES","wfo-4000010680","Willd.","Fabaceae","","","","Dalea","","candida","","","","Sp. Pl., ed. 4 , 3: 1337 (1802)","ACCEPTED","","","","More details could be found in <a href=http://www.theplantlist.org/tpl1.1/record/ild-16740 >The Plant List v.1.1.</a> Originally in <a href=http://www.theplantlist.org/tpl/record/ild-16740 >The Plant List v.1.0</a>","http://www.theplantlist.org/tpl1.1/record/ild-16740","ildis","A","http://www.theplantlist.org/tpl1.1/record/ild-16740","",FALSE,"","","",""
"39","Dalea purpurea","Dalea purpurea",FALSE,FALSE,FALSE,TRUE,TRUE,FALSE,FALSE,FALSE,FALSE,NA,39,1,"wfo-0000169115","urn:lsid:ipni.org:names:76326-2","15442","Dalea purpurea","SPECIES","wfo-4000010680","Vent.","Fabaceae","","","","Dalea","","purpurea","","","","Jard. Malmaison t. 40.","ACCEPTED","","","","More details could be found in <a href=http://www.theplantlist.org/tpl1.1/record/ild-15442 >The Plant List v.1.1.</a> Originally in <a href=http://www.theplantlist.org/tpl/record/ild-15442 >The Plant List v.1.0</a>","http://www.theplantlist.org/tpl1.1/record/ild-15442","ildis","A","http://www.theplantlist.org/tpl1.1/record/ild-15442","",FALSE,"","","",""
"40","Desmodium canadense","Desmodium canadense",FALSE,FALSE,FALSE,TRUE,TRUE,FALSE,FALSE,FALSE,FALSE,NA,40,1,"wfo-0000170488","urn:lsid:ipni.org:names:1051889-2","16761","Desmodium canadense","SPECIES","wfo-4000011206","(L.) DC.","Fabaceae","","","","Desmodium","","canadense","","","","Prodr. 2: 328 (1825)","ACCEPTED","","","","More details could be found in <a href=http://www.theplantlist.org/tpl1.1/record/ild-16761 >The Plant List v.1.1.</a> Originally in <a href=http://www.theplantlist.org/tpl/record/ild-16761 >The Plant List v.1.0</a>","http://www.theplantlist.org/tpl1.1/record/ild-16761","ildis","A","http://www.theplantlist.org/tpl1.1/record/ild-16761","",FALSE,"","","",""
"41","Desmodium illinoense","Desmodium illinoense",FALSE,FALSE,FALSE,TRUE,TRUE,FALSE,FALSE,FALSE,FALSE,NA,41,1,"wfo-0000170302","urn:lsid:ipni.org:names:491822-1","16581","Desmodium illinoense","SPECIES","wfo-4000011206","A.Gray","Fabaceae","","","","Desmodium","","illinoense","","","","Proc. Amer. Acad. Arts 8: 289 (1870)","ACCEPTED","","","","More details could be found in <a href=http://www.theplantlist.org/tpl1.1/record/ild-16581 >The Plant List v.1.1.</a> Originally in <a href=http://www.theplantlist.org/tpl/record/ild-16581 >The Plant List v.1.0</a>","https://www.ipni.org/n/491822-1","ildis","A","http://www.theplantlist.org/tpl1.1/record/ild-16581","",FALSE,"","","",""
"42","Dodecatheon meadia","Dodecatheon meadia",FALSE,FALSE,FALSE,TRUE,TRUE,FALSE,FALSE,FALSE,FALSE,NA,42,1,"wfo-0001280208","urn:lsid:ipni.org:names:60447606-2","50308078","Primula meadia","SPECIES","wfo-4000031131","(L.) A.R.Mast & Reveal","Primulaceae","","","","Primula","","meadia","","","","Brittonia 59: 81 (2007)","ACCEPTED","","wfo-0000652843","","More details could be found in <a href=http://www.theplantlist.org/tpl1.1/record/tro-50308078 >The Plant List v.1.1.</a> Originally in <a href=http://www.theplantlist.org/tpl/record/tro-50308078 >The Plant List v.1.0</a>","https://wcvp.science.kew.org/taxon/60447606-2","tro","A","http://www.theplantlist.org/tpl1.1/record/tro-50308078","",TRUE,"SYNONYM","wfo-0000652843","Dodecatheon meadia",""
"43","Desmanthus illinoensis","Desmanthus illinoensis",FALSE,FALSE,FALSE,FALSE,TRUE,FALSE,FALSE,FALSE,FALSE,NA,43,1,"wfo-0000187331","","33857","Desmanthus illinoensis","SPECIES","wfo-4000011190","(Michx.) Robinson & Fernald","Fabaceae","","","","Desmanthus","","illinoensis","","","","","ACCEPTED","","","","More details could be found in <a href=http://www.theplantlist.org/tpl1.1/record/ild-33857 >The Plant List v.1.1.</a> Originally in <a href=http://www.theplantlist.org/tpl/record/ild-33857 >The Plant List v.1.0</a>","https://wcvp.science.kew.org/taxon/30211162-2","ildis","A","http://www.theplantlist.org/tpl1.1/record/ild-33857","",FALSE,"","","","smallest ID"
"44","Echinacea pallida","Echinacea pallida",FALSE,FALSE,FALSE,FALSE,TRUE,FALSE,FALSE,FALSE,FALSE,NA,44,1,"wfo-0000020152","urn:lsid:ipni.org:names:202374-1","GCC-97866579-2F3B-4E7D-8387-C546EF33C7A9","Echinacea pallida","SPECIES","wfo-4000012904","(Nutt.) Nutt.","Asteraceae","","","","Echinacea","","pallida","","","","Trans. Amer. Philos. Soc. , ser. 2, 7: 354 (1840)","ACCEPTED","","wfo-0000120733","","More details could be found in <a href=http://www.theplantlist.org/tpl1.1/record/gcc-119485 >The Plant List v.1.1.</a> Originally in <a href=http://www.theplantlist.org/tpl/record/gcc-119485 >The Plant List v.1.0</a>","http://www.theplantlist.org/tpl1.1/record/gcc-119485","gcc","A","http://www.theplantlist.org/tpl1.1/record/gcc-119485","",FALSE,"","","","Accepted"
"45","Echinacea purpurea","Echinacea purpurea",FALSE,FALSE,FALSE,TRUE,TRUE,FALSE,FALSE,FALSE,FALSE,NA,45,1,"wfo-0000036347","urn:lsid:ipni.org:names:1174497-2","GCC-AADAD3F3-3650-4DDD-BB13-E9573CBE0045","Echinacea purpurea","SPECIES","wfo-4000012904","(L.) Moench","Asteraceae","","","","Echinacea","","purpurea","","","","Methodus : 591 (1794)","ACCEPTED","","wfo-0000074368","","More details could be found in <a href=http://www.theplantlist.org/tpl1.1/record/gcc-135149 >The Plant List v.1.1.</a> Originally in <a href=http://www.theplantlist.org/tpl/record/gcc-135149 >The Plant List v.1.0</a>","http://www.theplantlist.org/tpl1.1/record/gcc-135149","gcc","A","http://www.theplantlist.org/tpl1.1/record/gcc-135149","",FALSE,"","","",""
"46","Elymus canadensis","Elymus canadensis",FALSE,FALSE,FALSE,TRUE,TRUE,FALSE,FALSE,FALSE,FALSE,NA,46,1,"wfo-0000866073","urn:lsid:ipni.org:names:400194-1","410973","Elymus canadensis","SPECIES","wfo-4000013270","L.","Poaceae","","","","Elymus","","canadensis","","","","Sp. Pl. : 83 (1753)","ACCEPTED","","","","More details could be found in <a href=http://www.theplantlist.org/tpl1.1/record/kew-410973 >The Plant List v.1.1.</a> Originally in <a href=http://www.theplantlist.org/tpl/record/kew-410973 >The Plant List v.1.0</a>","http://www.theplantlist.org/tpl1.1/record/kew-410973","wcs","A","http://www.theplantlist.org/tpl1.1/record/kew-410973","",FALSE,"","","",""
"47","Eragrostis spectabilis","Eragrostis spectabilis",FALSE,FALSE,FALSE,TRUE,TRUE,FALSE,FALSE,FALSE,FALSE,NA,47,1,"wfo-0000868452","urn:lsid:ipni.org:names:1137778-2","413215","Eragrostis spectabilis","SPECIES","wfo-4000013668","(Pursh) Steud.","Poaceae","","","","Eragrostis","","spectabilis","","","","Nomencl. Bot. , ed. 2, 1: 564 (1840)","ACCEPTED","","wfo-0000893869","","More details could be found in <a href=http://www.theplantlist.org/tpl1.1/record/kew-413215 >The Plant List v.1.1.</a> Originally in <a href=http://www.theplantlist.org/tpl/record/kew-413215 >The Plant List v.1.0</a>","http://www.theplantlist.org/tpl1.1/record/kew-413215","wcs","A","http://www.theplantlist.org/tpl1.1/record/kew-413215","",FALSE,"","","",""
"48","Eryngium yuccifolium","Eryngium yuccifolium",FALSE,FALSE,FALSE,TRUE,TRUE,FALSE,FALSE,FALSE,FALSE,NA,48,1,"wfo-0000678333","urn:lsid:ipni.org:names:842103-1","927480","Eryngium yuccifolium","SPECIES","wfo-4000013959","Michx.","Apiaceae","","","","Eryngium","","yuccifolium","","","","Fl. Bor.-Amer. 1: 164 (1803)","ACCEPTED","","","","More details could be found in <a href=http://www.theplantlist.org/tpl1.1/record/kew-2799673 >The Plant List v.1.1.</a> Originally in <a href=http://www.theplantlist.org/tpl/record/kew-2799673 >The Plant List v.1.0</a>","http://www.theplantlist.org/tpl1.1/record/kew-2799673","cmp","A","http://www.theplantlist.org/tpl1.1/record/kew-2799673","",FALSE,"","","",""
"49.1","Eupatorium altissimum","Eupatorium altissimum",FALSE,FALSE,FALSE,FALSE,TRUE,FALSE,FALSE,FALSE,FALSE,NA,49,2,"wfo-0000135814","urn:lsid:ipni.org:names:99471-2","GCC-C33FC1C4-30A3-4C53-8C86-91D4327F94A1","Eupatorium altissimum","SPECIES","wfo-4000014215","L.","Asteraceae","","","","Eupatorium","","altissimum","","","","Sp. Pl. : 837 (1753)","ACCEPTED","","","","More details could be found in <a href=http://www.theplantlist.org/tpl1.1/record/gcc-96548 >The Plant List v.1.1.</a> Originally in <a href=http://www.theplantlist.org/tpl/record/gcc-96548 >The Plant List v.1.0</a>","http://www.theplantlist.org/tpl1.1/record/gcc-96548","gcc","A","http://www.theplantlist.org/tpl1.1/record/gcc-96548","",FALSE,"","","","Not a synonym"
"50","Euphorbia corollata","Euphorbia corollata",FALSE,FALSE,FALSE,TRUE,TRUE,FALSE,FALSE,FALSE,FALSE,NA,50,1,"wfo-0000961505","urn:lsid:ipni.org:names:277069-2","79114","Euphorbia corollata","SPECIES","wfo-4000014224","L.","Euphorbiaceae","","","","Euphorbia","","corollata","","","","Sp. Pl. 1: 459. 1753 [1 May 1753]","ACCEPTED","","","","More details could be found in <a href=http://www.theplantlist.org/tpl1.1/record/kew-79114 >The Plant List v.1.1.</a> Originally in <a href=http://www.theplantlist.org/tpl/record/kew-79114 >The Plant List v.1.0</a>","http://www.theplantlist.org/tpl1.1/record/kew-79114","wcs","A","http://www.theplantlist.org/tpl1.1/record/kew-79114","",FALSE,"","","",""
"51.1","Euthamia graminifolia","Euthamia graminifolia",FALSE,FALSE,FALSE,FALSE,TRUE,FALSE,FALSE,FALSE,FALSE,NA,51,2,"wfo-0000018631","urn:lsid:ipni.org:names:1004467-1","GCC-12EE212B-DCC8-4BE4-B219-C1F7256F7C6A","Euthamia graminifolia","SPECIES","wfo-4000014352","(L.) Nutt.","Asteraceae","","","","Euthamia","","graminifolia","","","","Trans. Amer. Philos. Soc. , ser. 2, 7: 325 (1840)","ACCEPTED","","wfo-0000000396","","More details could be found in <a href=http://www.theplantlist.org/tpl1.1/record/gcc-118014 >The Plant List v.1.1.</a> Originally in <a href=http://www.theplantlist.org/tpl/record/gcc-118014 >The Plant List v.1.0</a>","http://www.theplantlist.org/tpl1.1/record/gcc-118014","gcc","A","http://www.theplantlist.org/tpl1.1/record/gcc-118014","",FALSE,"","","","Accepted"
"52","Gentiana andrewsii","Gentiana andrewsii",FALSE,FALSE,FALSE,TRUE,TRUE,FALSE,FALSE,FALSE,FALSE,NA,52,1,"wfo-0000696871","urn:lsid:ipni.org:names:108172-2","947348","Gentiana andrewsii","SPECIES","wfo-4000015502","Griseb.","Gentianaceae","","","","Gentiana","","andrewsii","","","","Fl. Bor.-Amer. (Hooker) 2(8): 55 (-56). 1837 [Jul 1837]","ACCEPTED","","","","More details could be found in <a href=http://www.theplantlist.org/tpl1.1/record/kew-2819909 >The Plant List v.1.1.</a> Originally in <a href=http://www.theplantlist.org/tpl/record/kew-2819909 >The Plant List v.1.0</a>","http://www.theplantlist.org/tpl1.1/record/kew-2819909","cmp","A","http://www.theplantlist.org/tpl1.1/record/kew-2819909","",FALSE,"","","",""
"53","Helenium autumnale","Helenium autumnale",FALSE,FALSE,FALSE,TRUE,TRUE,FALSE,FALSE,FALSE,FALSE,NA,53,1,"wfo-0000124883","urn:lsid:ipni.org:names:211760-1","GCC-AC4E4C0F-F8B9-440D-B9C1-79E22216D6E1","Helenium autumnale","SPECIES","wfo-4000017185","L.","Asteraceae","","","","Helenium","","autumnale","","","","Sp. Pl. : 886 (1753)","ACCEPTED","","","","More details could be found in <a href=http://www.theplantlist.org/tpl1.1/record/gcc-85973 >The Plant List v.1.1.</a> Originally in <a href=http://www.theplantlist.org/tpl/record/gcc-85973 >The Plant List v.1.0</a>","http://www.theplantlist.org/tpl1.1/record/gcc-85973","gcc","A","http://www.theplantlist.org/tpl1.1/record/gcc-85973","",FALSE,"","","",""
"54","Heliopsis helianthoides","Heliopsis helianthoides",FALSE,FALSE,FALSE,FALSE,TRUE,FALSE,FALSE,FALSE,FALSE,NA,54,1,"wfo-0000010572","urn:lsid:ipni.org:names:213534-1","GCC-B04635F2-41D3-491B-A510-B06DF90B1C93","Heliopsis helianthoides","SPECIES","wfo-4000017261","Sweet","Asteraceae","","","","Heliopsis","","helianthoides","","","","Hort. Brit. : 487 (1826)","ACCEPTED","","wfo-0000126753","","More details could be found in <a href=http://www.theplantlist.org/tpl1.1/record/gcc-110239 >The Plant List v.1.1.</a> Originally in <a href=http://www.theplantlist.org/tpl/record/gcc-110239 >The Plant List v.1.0</a>","http://www.theplantlist.org/tpl1.1/record/gcc-110239","gcc","A","http://www.theplantlist.org/tpl1.1/record/gcc-110239","",FALSE,"","","","Not a synonym"
"55","Helianthus mollis","Helianthus mollis",FALSE,FALSE,FALSE,FALSE,TRUE,FALSE,FALSE,FALSE,FALSE,NA,55,1,"wfo-0000000726","urn:lsid:ipni.org:names:329254-2","GCC-F902E0BB-8340-4E73-875B-9B3137F603DA","Helianthus mollis","SPECIES","wfo-4000017208","Lam.","Asteraceae","","","","Helianthus","","mollis","","","","Encycl. 3: 85 (1789)","ACCEPTED","","","","More details could be found in <a href=http://www.theplantlist.org/tpl1.1/record/gcc-100690 >The Plant List v.1.1.</a> Originally in <a href=http://www.theplantlist.org/tpl/record/gcc-100690 >The Plant List v.1.0</a>","http://www.theplantlist.org/tpl1.1/record/gcc-100690","gcc","A","http://www.theplantlist.org/tpl1.1/record/gcc-100690","",FALSE,"","","","Not a synonym"
"56","Helianthus occidentalis","Helianthus occidentalis",FALSE,FALSE,FALSE,TRUE,TRUE,FALSE,FALSE,FALSE,FALSE,NA,56,1,"wfo-0000029086","urn:lsid:ipni.org:names:315076-2","GCC-09C00DDE-ADEC-4C94-95E3-D93FCE803A25","Helianthus occidentalis","SPECIES","wfo-4000017208","Riddell","Asteraceae","","","","Helianthus","","occidentalis","","","","W. J. Med. Phys. Sci. 9: 577 (1836)","ACCEPTED","","","","More details could be found in <a href=http://www.theplantlist.org/tpl1.1/record/gcc-128112 >The Plant List v.1.1.</a> Originally in <a href=http://www.theplantlist.org/tpl/record/gcc-128112 >The Plant List v.1.0</a>","http://www.theplantlist.org/tpl1.1/record/gcc-128112","gcc","A","http://www.theplantlist.org/tpl1.1/record/gcc-128112","",FALSE,"","","",""
"57","Helianthus pauciflorus","Helianthus pauciflorus",FALSE,FALSE,FALSE,TRUE,TRUE,FALSE,FALSE,FALSE,FALSE,NA,57,1,"wfo-0000073302","urn:lsid:ipni.org:names:329249-2","GCC-3A26BB6C-9522-4B5D-A9AB-3795FBEEC72F","Helianthus pauciflorus","SPECIES","wfo-4000017208","Nutt.","Asteraceae","","","","Helianthus","","pauciflorus","","","","Gen. N. Amer. Pl. 2: 177 (1818)","ACCEPTED","","","","More details could be found in <a href=http://www.theplantlist.org/tpl1.1/record/gcc-30040 >The Plant List v.1.1.</a> Originally in <a href=http://www.theplantlist.org/tpl/record/gcc-30040 >The Plant List v.1.0</a>","http://www.theplantlist.org/tpl1.1/record/gcc-30040","gcc","A","http://www.theplantlist.org/tpl1.1/record/gcc-30040","",FALSE,"","","",""
"58","Helianthus strumosus","Helianthus strumosus",FALSE,FALSE,FALSE,FALSE,TRUE,FALSE,FALSE,FALSE,FALSE,NA,58,1,"wfo-0000070052","urn:lsid:ipni.org:names:329248-2","GCC-30CC4D06-1E1F-4DEB-8716-31A869A82FA9","Helianthus strumosus","SPECIES","wfo-4000017208","L.","Asteraceae","","","","Helianthus","","strumosus","","","","Sp. Pl. : 905 (1753)","ACCEPTED","","","","More details could be found in <a href=http://www.theplantlist.org/tpl1.1/record/gcc-26855 >The Plant List v.1.1.</a> Originally in <a href=http://www.theplantlist.org/tpl/record/gcc-26855 >The Plant List v.1.0</a>","https://wcvp.science.kew.org/taxon/329248-2","gcc","A","http://www.theplantlist.org/tpl1.1/record/gcc-26855","",FALSE,"","","","Not a synonym"
"59","Heuchera richardsonii","Heuchera richardsonii",FALSE,FALSE,FALSE,TRUE,TRUE,FALSE,FALSE,FALSE,FALSE,NA,59,1,"wfo-0001135368","urn:lsid:ipni.org:names:791398-1","29100025","Heuchera richardsonii","SPECIES","wfo-4000017800","R.Br.","Saxifragaceae","","","","Heuchera","","richardsonii","","","","Narr. Journey Polar Sea : 766 (1823)","ACCEPTED","","","","More details could be found in <a href=http://www.theplantlist.org/tpl1.1/record/tro-29100025 >The Plant List v.1.1.</a> Originally in <a href=http://www.theplantlist.org/tpl/record/tro-29100025 >The Plant List v.1.0</a>","http://www.theplantlist.org/tpl1.1/record/tro-29100025","tro","A","http://www.theplantlist.org/tpl1.1/record/tro-29100025","",FALSE,"","","",""
"60","Hierochloe odorata","Hierochloe odorata",FALSE,FALSE,FALSE,TRUE,TRUE,FALSE,FALSE,FALSE,FALSE,NA,60,1,"wfo-0000874338","urn:lsid:ipni.org:names:404911-1","418883","Hierochloe odorata","SPECIES","wfo-4000017893","(L.) P.Beauv.","Poaceae","","","","Hierochloe","","odorata","","","","Ess. Agrostogr. , Atlas: t. 12, f. 5 (1812)","ACCEPTED","","wfo-0000874538","","More details could be found in <a href=http://www.theplantlist.org/tpl1.1/record/kew-418883 >The Plant List v.1.1.</a> Originally in <a href=http://www.theplantlist.org/tpl/record/kew-418883 >The Plant List v.1.0</a>","https://wcvp.science.kew.org/taxon/404911-1","wcs","A","http://www.theplantlist.org/tpl1.1/record/kew-418883","",FALSE,"","","",""
"61","Hypericum punctatum","Hypericum punctatum",FALSE,FALSE,FALSE,TRUE,TRUE,FALSE,FALSE,FALSE,FALSE,NA,61,1,"wfo-0000728173","urn:lsid:ipni.org:names:433768-1","985506","Hypericum punctatum","SPECIES","wfo-4000018759","Lam.","Hypericaceae","","","","Hypericum","","punctatum","","","","Encycl. [J. Lamarck & al.] 4(1): 164. 1797 [9 Feb 1797]","ACCEPTED","","","","More details could be found in <a href=http://www.theplantlist.org/tpl1.1/record/kew-2858774 >The Plant List v.1.1.</a> Originally in <a href=http://www.theplantlist.org/tpl/record/kew-2858774 >The Plant List v.1.0</a>","http://www.theplantlist.org/tpl1.1/record/kew-2858774","cmp","A","http://www.theplantlist.org/tpl1.1/record/kew-2858774","",FALSE,"","","",""
"62","Hypericum pyramidatum","Hypericum pyramidatum",FALSE,FALSE,FALSE,TRUE,TRUE,FALSE,FALSE,FALSE,FALSE,NA,62,1,"wfo-0000727368","urn:lsid:ipni.org:names:1153552-2","984493","Hypericum ascyron subsp. pyramidatum","SUBSPECIES","wfo-0000727365","(Aiton) N.Robson","Hypericaceae","","","","Hypericum","","ascyron","pyramidatum","subsp.","","Bull. Nat. Hist. Mus. (London), Bot. 31: 58 (2001)","ACCEPTED","","wfo-0000728181","","More details could be found in <a href=http://www.theplantlist.org/tpl1.1/record/kew-2857751 >The Plant List v.1.1.</a> Originally in <a href=http://www.theplantlist.org/tpl/record/kew-2857751 >The Plant List v.1.0</a>","http://www.theplantlist.org/tpl1.1/record/kew-2857751","cmp","A","http://www.theplantlist.org/tpl1.1/record/kew-2857751","",TRUE,"SYNONYM","wfo-0000728181","Hypericum pyramidatum",""
"63","Juncus dudleyi","Juncus dudleyi",FALSE,FALSE,FALSE,TRUE,TRUE,FALSE,FALSE,FALSE,FALSE,NA,63,1,"wfo-0000776337","urn:lsid:ipni.org:names:132109-2","314890","Juncus dudleyi","SPECIES","wfo-4000019671","Wiegand","Juncaceae","","","","Juncus","","dudleyi","","","","Bull. Torrey Bot. Club 27: 524 (1900)","ACCEPTED","","","","More details could be found in <a href=http://www.theplantlist.org/tpl1.1/record/kew-314890 >The Plant List v.1.1.</a> Originally in <a href=http://www.theplantlist.org/tpl/record/kew-314890 >The Plant List v.1.0</a>","http://www.theplantlist.org/tpl1.1/record/kew-314890","iopi","A","http://www.theplantlist.org/tpl1.1/record/kew-314890","",FALSE,"","","",""
"64","Juncus interior","Juncus interior",FALSE,FALSE,FALSE,TRUE,TRUE,FALSE,FALSE,FALSE,FALSE,NA,64,1,"wfo-0000776642","urn:lsid:ipni.org:names:132158-2","315209","Juncus interior","SPECIES","wfo-4000019671","Wiegand","Juncaceae","","","","Juncus","","interior","","","","Bull. Torrey Bot. Club 27: 516 (1900)","ACCEPTED","","","","More details could be found in <a href=http://www.theplantlist.org/tpl1.1/record/kew-315209 >The Plant List v.1.1.</a> Originally in <a href=http://www.theplantlist.org/tpl/record/kew-315209 >The Plant List v.1.0</a>","http://www.theplantlist.org/tpl1.1/record/kew-315209","iopi","A","http://www.theplantlist.org/tpl1.1/record/kew-315209","",FALSE,"","","",""
"65","Juncus tenuis","Juncus tenuis",FALSE,FALSE,FALSE,TRUE,TRUE,FALSE,FALSE,FALSE,FALSE,NA,65,1,"wfo-0000777403","urn:lsid:ipni.org:names:304453-2","315959","Juncus tenuis","SPECIES","wfo-4000019671","Willd.","Juncaceae","","","","Juncus","","tenuis","","","","Sp. Pl., ed. 4 , 2: 214 (1799)","ACCEPTED","","","","More details could be found in <a href=http://www.theplantlist.org/tpl1.1/record/kew-315959 >The Plant List v.1.1.</a> Originally in <a href=http://www.theplantlist.org/tpl/record/kew-315959 >The Plant List v.1.0</a>","http://www.theplantlist.org/tpl1.1/record/kew-315959","iopi","A","http://www.theplantlist.org/tpl1.1/record/kew-315959","",FALSE,"","","",""
"66","Koeleria pyramidata","Koeleria pyramidata",FALSE,FALSE,FALSE,TRUE,TRUE,FALSE,FALSE,FALSE,FALSE,NA,66,1,"wfo-0000877284","urn:lsid:ipni.org:names:406677-1","421711","Koeleria pyramidata","SPECIES","wfo-4000020117","P.Beauv.","Poaceae","","","","Koeleria","","pyramidata","","","","Ess. Agrostogr. : 166 (1812)","ACCEPTED","","wfo-0000893560","","More details could be found in <a href=http://www.theplantlist.org/tpl1.1/record/kew-421711 >The Plant List v.1.1.</a> Originally in <a href=http://www.theplantlist.org/tpl/record/kew-421711 >The Plant List v.1.0</a>","http://www.theplantlist.org/tpl1.1/record/kew-421711","wcs","A","http://www.theplantlist.org/tpl1.1/record/kew-421711","",FALSE,"","","",""
"67","Lespedeza capitata","Lespedeza capitata",FALSE,FALSE,FALSE,TRUE,TRUE,FALSE,FALSE,FALSE,FALSE,NA,67,1,"wfo-0000164446","urn:lsid:ipni.org:names:138638-2","10876","Lespedeza capitata","SPECIES","wfo-4000021455","Michx.","Fabaceae","","","","Lespedeza","","capitata","","","","Fl. Bor.-Amer. (Michaux) 2: 71. 1803 [19 Mar 1803]","ACCEPTED","","","","More details could be found in <a href=http://www.theplantlist.org/tpl1.1/record/ild-10876 >The Plant List v.1.1.</a> Originally in <a href=http://www.theplantlist.org/tpl/record/ild-10876 >The Plant List v.1.0</a>","http://www.theplantlist.org/tpl1.1/record/ild-10876","ildis","A","http://www.theplantlist.org/tpl1.1/record/ild-10876","",FALSE,"","","",""
"68","Liatris aspera","Liatris aspera",FALSE,FALSE,FALSE,TRUE,TRUE,FALSE,FALSE,FALSE,FALSE,NA,68,1,"wfo-0000020604","urn:lsid:ipni.org:names:230545-1","GCC-D6B4F6CB-F438-43EE-AD22-C64E058296C3","Liatris aspera","SPECIES","wfo-4000021657","Michx.","Asteraceae","","","","Liatris","","aspera","","","","Fl. Bor.-Amer. 2: 92 (1803)","ACCEPTED","","","","More details could be found in <a href=http://www.theplantlist.org/tpl1.1/record/gcc-119927 >The Plant List v.1.1.</a> Originally in <a href=http://www.theplantlist.org/tpl/record/gcc-119927 >The Plant List v.1.0</a>","http://www.theplantlist.org/tpl1.1/record/gcc-119927","gcc","A","http://www.theplantlist.org/tpl1.1/record/gcc-119927","",FALSE,"","","",""
"69","Liatris pycnostachya","Liatris pycnostachya",FALSE,FALSE,FALSE,FALSE,TRUE,FALSE,FALSE,FALSE,FALSE,NA,69,1,"wfo-0000030984","urn:lsid:ipni.org:names:230623-1","GCC-6C3E8856-B346-46F1-8154-DD7E0560617C","Liatris pycnostachya","SPECIES","wfo-4000021657","Michx.","Asteraceae","","","","Liatris","","pycnostachya","","","","Fl. Bor.-Amer. 2: 91 (1803)","ACCEPTED","","","","More details could be found in <a href=http://www.theplantlist.org/tpl1.1/record/gcc-129970 >The Plant List v.1.1.</a> Originally in <a href=http://www.theplantlist.org/tpl/record/gcc-129970 >The Plant List v.1.0</a>","https://wcvp.science.kew.org/taxon/230623-1","gcc","A","http://www.theplantlist.org/tpl1.1/record/gcc-129970","",FALSE,"","","","smallest ID"
"70","Liatris scariosa","Liatris scariosa",FALSE,FALSE,FALSE,TRUE,TRUE,FALSE,FALSE,FALSE,FALSE,NA,70,1,"wfo-0000046258","urn:lsid:ipni.org:names:230630-1","GCC-19682425-F9C4-40EC-B815-FEC90E635E6D","Liatris scariosa","SPECIES","wfo-4000021657","(L.) Willd.","Asteraceae","","","","Liatris","","scariosa","","","","Sp. Pl., ed. 4 , 3: 1635 (1803)","ACCEPTED","","wfo-0000028578","","More details could be found in <a href=http://www.theplantlist.org/tpl1.1/record/gcc-144731 >The Plant List v.1.1.</a> Originally in <a href=http://www.theplantlist.org/tpl/record/gcc-144731 >The Plant List v.1.0</a>","http://www.theplantlist.org/tpl1.1/record/gcc-144731","gcc","A","http://www.theplantlist.org/tpl1.1/record/gcc-144731","",FALSE,"","","",""
"71","Liatris spicata","Liatris spicata",FALSE,FALSE,FALSE,TRUE,TRUE,FALSE,FALSE,FALSE,FALSE,NA,71,1,"wfo-0000065042","urn:lsid:ipni.org:names:230634-1","GCC-7640C680-94E3-4181-B56D-28A56A8963CF","Liatris spicata","SPECIES","wfo-4000021657","(L.) Willd.","Asteraceae","","","","Liatris","","spicata","","","","Sp. Pl., ed. 4 , 3: 1636 (1803)","ACCEPTED","","wfo-0000134230","","More details could be found in <a href=http://www.theplantlist.org/tpl1.1/record/gcc-21976 >The Plant List v.1.1.</a> Originally in <a href=http://www.theplantlist.org/tpl/record/gcc-21976 >The Plant List v.1.0</a>","http://www.theplantlist.org/tpl1.1/record/gcc-21976","gcc","A","http://www.theplantlist.org/tpl1.1/record/gcc-21976","",FALSE,"","","",""
"72","Lilium michiganense","Lilium michiganense",FALSE,FALSE,FALSE,TRUE,TRUE,FALSE,FALSE,FALSE,FALSE,NA,72,1,"wfo-0000678723","urn:lsid:ipni.org:names:140138-2","280003","Lilium michiganense","SPECIES","wfo-4000021746","Farw.","Liliaceae","","","","Lilium","","michiganense","","","","Bull. Torrey Bot. Club 42: 353 (1915)","ACCEPTED","","","","More details could be found in <a href=http://www.theplantlist.org/tpl1.1/record/kew-280003 >The Plant List v.1.1.</a> Originally in <a href=http://www.theplantlist.org/tpl/record/kew-280003 >The Plant List v.1.0</a>","http://www.theplantlist.org/tpl1.1/record/kew-280003","wcs","A","http://www.theplantlist.org/tpl1.1/record/kew-280003","",FALSE,"","","",""
"73","Maianthemum racemosum","Maianthemum racemosum",FALSE,FALSE,FALSE,TRUE,TRUE,FALSE,FALSE,FALSE,FALSE,NA,73,1,"wfo-0000690499","urn:lsid:ipni.org:names:538037-1","281247","Maianthemum racemosum","SPECIES","wfo-4000022886","(L.) Link","Asparagaceae","","","","Maianthemum","","racemosum","","","","Enum. Hort. Berol. Alt. 1: 343 (1821)","ACCEPTED","","wfo-0000764181","","More details could be found in <a href=http://www.theplantlist.org/tpl1.1/record/kew-281247 >The Plant List v.1.1.</a> Originally in <a href=http://www.theplantlist.org/tpl/record/kew-281247 >The Plant List v.1.0</a>","http://www.theplantlist.org/tpl1.1/record/kew-281247","wcs","A","http://www.theplantlist.org/tpl1.1/record/kew-281247","",FALSE,"","","",""
"74","Monarda bradburiana","Monarda bradburiana",FALSE,FALSE,FALSE,FALSE,TRUE,FALSE,FALSE,FALSE,FALSE,NA,74,1,"wfo-0000245298","","129160","Monarda bradburiana","SPECIES","wfo-4000024632","Beck","Lamiaceae","","","","Monarda","","bradburiana","","","","Amer. J. Sci. Arts 10: 260 1826","ACCEPTED","","","","More details could be found in <a href=http://www.theplantlist.org/tpl1.1/record/kew-129160 >The Plant List v.1.1.</a> Originally in <a href=http://www.theplantlist.org/tpl/record/kew-129160 >The Plant List v.1.0</a>","http://www.theplantlist.org/tpl1.1/record/kew-129160","wcs","A","http://www.theplantlist.org/tpl1.1/record/kew-129160","",FALSE,"","","","smallest ID"
"75","Monarda fistulosa","Monarda fistulosa",FALSE,FALSE,FALSE,TRUE,TRUE,FALSE,FALSE,FALSE,FALSE,NA,75,1,"wfo-0000245324","urn:lsid:ipni.org:names:452042-1","129185","Monarda fistulosa","SPECIES","wfo-4000024632","L.","Lamiaceae","","","","Monarda","","fistulosa","","","","Sp. Pl. : 22 (1753)","ACCEPTED","","","","More details could be found in <a href=http://www.theplantlist.org/tpl1.1/record/kew-129185 >The Plant List v.1.1.</a> Originally in <a href=http://www.theplantlist.org/tpl/record/kew-129185 >The Plant List v.1.0</a>","http://www.theplantlist.org/tpl1.1/record/kew-129185","wcs","A","http://www.theplantlist.org/tpl1.1/record/kew-129185","",FALSE,"","","",""
"76","Oenothera pilosella","Oenothera pilosella",FALSE,FALSE,FALSE,TRUE,TRUE,FALSE,FALSE,FALSE,FALSE,NA,76,1,"wfo-0001087548","urn:lsid:ipni.org:names:613954-1","23200592","Oenothera pilosella","SPECIES","wfo-4000026653","Raf.","Onagraceae","","","","Oenothera","","pilosella","","","","Ann. Nat. 1: 15 (1820)","ACCEPTED","","","","More details could be found in <a href=http://www.theplantlist.org/tpl1.1/record/tro-23200592 >The Plant List v.1.1.</a> Originally in <a href=http://www.theplantlist.org/tpl/record/tro-23200592 >The Plant List v.1.0</a>","http://www.theplantlist.org/tpl1.1/record/tro-23200592","tro","A","http://www.theplantlist.org/tpl1.1/record/tro-23200592","",FALSE,"","","",""
"77","Solidago rigida","Solidago rigida",FALSE,FALSE,FALSE,TRUE,TRUE,FALSE,FALSE,FALSE,FALSE,NA,77,1,"wfo-0000129341","urn:lsid:ipni.org:names:249837-1","GCC-D2AFDCE3-AA8B-48AC-AC6A-8399181A2F42","Solidago rigida","SPECIES","wfo-4000035732","L.","Asteraceae","","","","Solidago","","rigida","","","","Sp. Pl. : 880 (1753)","ACCEPTED","","","","More details could be found in <a href=http://www.theplantlist.org/tpl1.1/record/gcc-90277 >The Plant List v.1.1.</a> Originally in <a href=http://www.theplantlist.org/tpl/record/gcc-90277 >The Plant List v.1.0</a>","http://www.theplantlist.org/tpl1.1/record/gcc-90277","gcc","A","http://www.theplantlist.org/tpl1.1/record/gcc-90277","",FALSE,"","","",""
"78","Panicum virgatum","Panicum virgatum",FALSE,FALSE,FALSE,FALSE,TRUE,FALSE,FALSE,FALSE,FALSE,NA,78,1,"wfo-0000886863","urn:lsid:ipni.org:names:413537-1","430831","Panicum virgatum","SPECIES","wfo-4000027882","L.","Poaceae","","","","Panicum","","virgatum","","","","Sp. Pl. : 59 (1753)","ACCEPTED","","","","More details could be found in <a href=http://www.theplantlist.org/tpl1.1/record/kew-430831 >The Plant List v.1.1.</a> Originally in <a href=http://www.theplantlist.org/tpl/record/kew-430831 >The Plant List v.1.0</a>","http://www.theplantlist.org/tpl1.1/record/kew-430831","wcs","A","http://www.theplantlist.org/tpl1.1/record/kew-430831","",FALSE,"","","","Not a synonym"
"79","Parthenium integrifolium","Parthenium integrifolium",FALSE,FALSE,FALSE,TRUE,TRUE,FALSE,FALSE,FALSE,FALSE,NA,79,1,"wfo-0000123645","urn:lsid:ipni.org:names:236512-1","GCC-69405CBB-FD85-4C06-8FCA-7746CED7A2E4","Parthenium integrifolium","SPECIES","wfo-4000028264","L.","Asteraceae","","","","Parthenium","","integrifolium","","","","Sp. Pl. : 988 (1753)","ACCEPTED","","","","More details could be found in <a href=http://www.theplantlist.org/tpl1.1/record/gcc-84783 >The Plant List v.1.1.</a> Originally in <a href=http://www.theplantlist.org/tpl/record/gcc-84783 >The Plant List v.1.0</a>","http://www.theplantlist.org/tpl1.1/record/gcc-84783","gcc","A","http://www.theplantlist.org/tpl1.1/record/gcc-84783","",FALSE,"","","",""
"80","Penstemon digitalis","Penstemon digitalis",FALSE,FALSE,FALSE,TRUE,TRUE,FALSE,FALSE,FALSE,FALSE,NA,80,1,"wfo-0001136588","urn:lsid:ipni.org:names:187353-2","29200167","Penstemon digitalis","SPECIES","wfo-4000028548","Nutt. ex Sims","Plantaginaceae","","","","Penstemon","","digitalis","","","","Bot. Mag. 52: t. 2587. 1825","ACCEPTED","","","","More details could be found in <a href=http://www.theplantlist.org/tpl1.1/record/tro-29200167 >The Plant List v.1.1.</a> Originally in <a href=http://www.theplantlist.org/tpl/record/tro-29200167 >The Plant List v.1.0</a>","http://www.theplantlist.org/tpl1.1/record/tro-29200167","tro","A","http://www.theplantlist.org/tpl1.1/record/tro-29200167","",FALSE,"","","",""
"81","Penstemon hirsutus","Penstemon hirsutus",FALSE,FALSE,FALSE,TRUE,TRUE,FALSE,FALSE,FALSE,FALSE,NA,81,1,"wfo-0001137043","urn:lsid:ipni.org:names:808137-1","29201370","Penstemon hirsutus","SPECIES","wfo-4000028548","(L.) Willd.","Plantaginaceae","","","","Penstemon","","hirsutus","","","","Sp. Pl., ed. 4 , 3: 227 (1800)","ACCEPTED","","wfo-0000600765","","More details could be found in <a href=http://www.theplantlist.org/tpl1.1/record/tro-29201370 >The Plant List v.1.1.</a> Originally in <a href=http://www.theplantlist.org/tpl/record/tro-29201370 >The Plant List v.1.0</a>","http://www.theplantlist.org/tpl1.1/record/tro-29201370","tro","A","http://www.theplantlist.org/tpl1.1/record/tro-29201370","",FALSE,"","","",""
"82","Phlox pilosa","Phlox pilosa",FALSE,FALSE,FALSE,TRUE,TRUE,FALSE,FALSE,FALSE,FALSE,NA,82,1,"wfo-0001099777","urn:lsid:ipni.org:names:193620-2","25800424","Phlox pilosa","SPECIES","wfo-4000029286","L.","Polemoniaceae","","","","Phlox","","pilosa","","","","Sp. Pl. : 152 (1753)","ACCEPTED","","","","More details could be found in <a href=http://www.theplantlist.org/tpl1.1/record/tro-25800424 >The Plant List v.1.1.</a> Originally in <a href=http://www.theplantlist.org/tpl/record/tro-25800424 >The Plant List v.1.0</a>","http://www.theplantlist.org/tpl1.1/record/tro-25800424","tro","A","http://www.theplantlist.org/tpl1.1/record/tro-25800424","",FALSE,"","","",""
"83","Physostegia virginiana","Physostegia virginiana",FALSE,FALSE,FALSE,TRUE,TRUE,FALSE,FALSE,FALSE,FALSE,NA,83,1,"wfo-0000273071","urn:lsid:ipni.org:names:454204-1","155820","Physostegia virginiana","SPECIES","wfo-4000029570","Benth.","Lamiaceae","","","","Physostegia","","virginiana","","","","Edwards's Bot. Reg. 15: sub t. 1289. 1829; Lab. Gen. et Sp. 504.","ACCEPTED","","wfo-0000945506","","More details could be found in <a href=http://www.theplantlist.org/tpl1.1/record/kew-155820 >The Plant List v.1.1.</a> Originally in <a href=http://www.theplantlist.org/tpl/record/kew-155820 >The Plant List v.1.0</a>","http://www.theplantlist.org/tpl1.1/record/kew-155820","wcs","A","http://www.theplantlist.org/tpl1.1/record/kew-155820","",FALSE,"","","",""
"84","Polygonatum biflorum","Polygonatum biflorum",FALSE,FALSE,FALSE,TRUE,TRUE,FALSE,FALSE,FALSE,FALSE,NA,84,1,"wfo-0000716308","urn:lsid:ipni.org:names:540091-1","284043","Polygonatum biflorum","SPECIES","wfo-4000030741","(Walter) Elliott","Asparagaceae","","","","Polygonatum","","biflorum","","","","Sketch Bot. S. Carolina 1: 393 (1817)","ACCEPTED","","wfo-0000764105","","More details could be found in <a href=http://www.theplantlist.org/tpl1.1/record/kew-284043 >The Plant List v.1.1.</a> Originally in <a href=http://www.theplantlist.org/tpl/record/kew-284043 >The Plant List v.1.0</a>","http://www.theplantlist.org/tpl1.1/record/kew-284043","wcs","A","http://www.theplantlist.org/tpl1.1/record/kew-284043","",FALSE,"","","",""
"85","Polemonium reptans","Polemonium reptans",FALSE,FALSE,FALSE,TRUE,TRUE,FALSE,FALSE,FALSE,FALSE,NA,85,1,"wfo-0001099806","urn:lsid:ipni.org:names:690014-1","25800475","Polemonium reptans","SPECIES","wfo-4000030638","L.","Polemoniaceae","","","","Polemonium","","reptans","","","","Syst. Nat. ed. 10 , 2: 925 (1759)","ACCEPTED","","","","More details could be found in <a href=http://www.theplantlist.org/tpl1.1/record/tro-25800475 >The Plant List v.1.1.</a> Originally in <a href=http://www.theplantlist.org/tpl/record/tro-25800475 >The Plant List v.1.0</a>","http://www.theplantlist.org/tpl1.1/record/tro-25800475","tro","A","http://www.theplantlist.org/tpl1.1/record/tro-25800475","",FALSE,"","","",""
"86.2","Potentilla arguta","Potentilla arguta",FALSE,FALSE,FALSE,FALSE,TRUE,FALSE,FALSE,FALSE,FALSE,NA,86,3,"wfo-0001005372","","3745","Potentilla arguta","SPECIES","wfo-4000031030","Pursh","Rosaceae","","","","Potentilla","","arguta","","","","Flora Americae septentrionalis ; 1814 736 1814","ACCEPTED","","","","More details could be found in <a href=http://www.theplantlist.org/tpl1.1/record/rjp-3745 >The Plant List v.1.1.</a> Originally in <a href=http://www.theplantlist.org/tpl/record/rjp-3745 >The Plant List v.1.0</a>","http://www.theplantlist.org/tpl1.1/record/rjp-3745","rjp","A","http://www.theplantlist.org/tpl1.1/record/rjp-3745","",FALSE,"","","","Accepted"
"87","Pycnanthemum pilosum","Pycnanthemum pilosum",FALSE,FALSE,FALSE,TRUE,TRUE,FALSE,FALSE,FALSE,FALSE,NA,87,1,"wfo-0000289037","urn:lsid:ipni.org:names:923751-1","171082","Pycnanthemum verticillatum var. pilosum","VARIETY","wfo-0000289036","(Nutt.) Cooperr.","Lamiaceae","","","","Pycnanthemum","","verticillatum","pilosum","var.","","Michigan Bot. 23: 166 (1984)","ACCEPTED","","wfo-0000289021","","More details could be found in <a href=http://www.theplantlist.org/tpl1.1/record/kew-171082 >The Plant List v.1.1.</a> Originally in <a href=http://www.theplantlist.org/tpl/record/kew-171082 >The Plant List v.1.0</a>","http://www.theplantlist.org/tpl1.1/record/kew-171082","wcs","A","http://www.theplantlist.org/tpl1.1/record/kew-171082","",TRUE,"SYNONYM","wfo-0000289021","Pycnanthemum pilosum",""
"88","Pycnanthemum tenuifolium","Pycnanthemum tenuifolium",FALSE,FALSE,FALSE,TRUE,TRUE,FALSE,FALSE,FALSE,FALSE,NA,88,1,"wfo-0000289030","urn:lsid:ipni.org:names:455236-1","171075","Pycnanthemum tenuifolium","SPECIES","wfo-4000032214","Schrad.","Lamiaceae","","","","Pycnanthemum","","tenuifolium","","","","Hort. Gott. : 10 (1809)","ACCEPTED","","","","More details could be found in <a href=http://www.theplantlist.org/tpl1.1/record/kew-171075 >The Plant List v.1.1.</a> Originally in <a href=http://www.theplantlist.org/tpl/record/kew-171075 >The Plant List v.1.0</a>","http://www.theplantlist.org/tpl1.1/record/kew-171075","wcs","A","http://www.theplantlist.org/tpl1.1/record/kew-171075","",FALSE,"","","",""
"89","Pycnanthemum virginianum","Pycnanthemum virginianum",FALSE,FALSE,FALSE,TRUE,TRUE,FALSE,FALSE,FALSE,FALSE,NA,89,1,"wfo-0000289039","urn:lsid:ipni.org:names:1128143-2","171084","Pycnanthemum virginianum","SPECIES","wfo-4000032214","(L.) B.L.Rob. & Fernald","Lamiaceae","","","","Pycnanthemum","","virginianum","","","","Manual , ed. 7: 707 (1908)","ACCEPTED","","wfo-0000304600","","More details could be found in <a href=http://www.theplantlist.org/tpl1.1/record/kew-171084 >The Plant List v.1.1.</a> Originally in <a href=http://www.theplantlist.org/tpl/record/kew-171084 >The Plant List v.1.0</a>","http://www.theplantlist.org/tpl1.1/record/kew-171084","wcs","A","http://www.theplantlist.org/tpl1.1/record/kew-171084","",FALSE,"","","",""
"90","Ratibida pinnata","Ratibida pinnata",FALSE,FALSE,FALSE,TRUE,TRUE,FALSE,FALSE,FALSE,FALSE,NA,90,1,"wfo-0000121004","urn:lsid:ipni.org:names:217881-2","GCC-1264B8E7-89E2-44D7-8E91-719554DC535F","Ratibida pinnata","SPECIES","wfo-4000032593","Barnhart","Asteraceae","","","","Ratibida","","pinnata","","","","Bull. Torrey Bot. Club 24(8): 410 (1897)","ACCEPTED","","wfo-0000021569","","More details could be found in <a href=http://www.theplantlist.org/tpl1.1/record/gcc-82238 >The Plant List v.1.1.</a> Originally in <a href=http://www.theplantlist.org/tpl/record/gcc-82238 >The Plant List v.1.0</a>","http://www.theplantlist.org/tpl1.1/record/gcc-82238","gcc","A","http://www.theplantlist.org/tpl1.1/record/gcc-82238","",FALSE,"","","",""
"91.1","Rosa blanda","Rosa blanda",FALSE,FALSE,FALSE,FALSE,TRUE,FALSE,FALSE,FALSE,FALSE,NA,91,2,"wfo-0001006233","","3949","Rosa blanda","SPECIES","wfo-4000033476","Aiton","Rosaceae","","","","Rosa","","blanda","","","","Hortus kewensis ; 1789 202 1789","ACCEPTED","","","","More details could be found in <a href=http://www.theplantlist.org/tpl1.1/record/rjp-3949 >The Plant List v.1.1.</a> Originally in <a href=http://www.theplantlist.org/tpl/record/rjp-3949 >The Plant List v.1.0</a>","http://www.theplantlist.org/tpl1.1/record/rjp-3949","rjp","A","http://www.theplantlist.org/tpl1.1/record/rjp-3949","",FALSE,"","","","Accepted"
"92.2","Rosa carolina","Rosa carolina",FALSE,FALSE,FALSE,FALSE,TRUE,FALSE,FALSE,FALSE,FALSE,NA,92,3,"wfo-0001014358","urn:lsid:ipni.org:names:731982-1","6025","Rosa carolina","SPECIES","wfo-4000033476","L.","Rosaceae","","","","Rosa","","carolina","","","","Sp. Pl. : 492 (1753)","ACCEPTED","","","","More details could be found in <a href=http://www.theplantlist.org/tpl1.1/record/rjp-6025 >The Plant List v.1.1.</a> Originally in <a href=http://www.theplantlist.org/tpl/record/rjp-6025 >The Plant List v.1.0</a>","http://www.theplantlist.org/tpl1.1/record/rjp-6025","rjp","A","http://www.theplantlist.org/tpl1.1/record/rjp-6025","",FALSE,"","","","Accepted"
"93","Rosa setigera","Rosa setigera",FALSE,FALSE,FALSE,TRUE,TRUE,FALSE,FALSE,FALSE,FALSE,NA,93,1,"wfo-0001017675","urn:lsid:ipni.org:names:734247-1","841","Rosa setigera","SPECIES","wfo-4000033476","Michx.","Rosaceae","","","","Rosa","","setigera","","","","Fl. Bor.-Amer. 1: 295 (1803)","ACCEPTED","","","","More details could be found in <a href=http://www.theplantlist.org/tpl1.1/record/rjp-841 >The Plant List v.1.1.</a> Originally in <a href=http://www.theplantlist.org/tpl/record/rjp-841 >The Plant List v.1.0</a>","http://www.theplantlist.org/tpl1.1/record/rjp-841","rjp","A","http://www.theplantlist.org/tpl1.1/record/rjp-841","",FALSE,"","","",""
"94","Rudbeckia fulgida","Rudbeckia fulgida",FALSE,FALSE,FALSE,FALSE,TRUE,FALSE,FALSE,FALSE,FALSE,NA,94,1,"wfo-0000014241","urn:lsid:ipni.org:names:241701-1","GCC-82CBA4D2-54AD-4417-889D-B860295DD0E4","Rudbeckia fulgida","SPECIES","wfo-4000033584","Aiton","Asteraceae","","","","Rudbeckia","","fulgida","","","","Hort. Kew. [W. Aiton] 3: 251. 1789","ACCEPTED","","","","More details could be found in <a href=http://www.theplantlist.org/tpl1.1/record/gcc-113773 >The Plant List v.1.1.</a> Originally in <a href=http://www.theplantlist.org/tpl/record/gcc-113773 >The Plant List v.1.0</a>","http://www.theplantlist.org/tpl1.1/record/gcc-113773","gcc","A","http://www.theplantlist.org/tpl1.1/record/gcc-113773","",FALSE,"","","","Accepted"
"95","Rudbeckia hirta","Rudbeckia hirta",FALSE,FALSE,FALSE,TRUE,TRUE,FALSE,FALSE,FALSE,FALSE,NA,95,1,"wfo-0000027627","urn:lsid:ipni.org:names:223740-2","GCC-14D180B7-3E38-4452-B033-D5E649D6F7F6","Rudbeckia hirta","SPECIES","wfo-4000033584","L.","Asteraceae","","","","Rudbeckia","","hirta","","","","Sp. Pl. : 907 (1753)","ACCEPTED","","","","More details could be found in <a href=http://www.theplantlist.org/tpl1.1/record/gcc-126702 >The Plant List v.1.1.</a> Originally in <a href=http://www.theplantlist.org/tpl/record/gcc-126702 >The Plant List v.1.0</a>","http://www.theplantlist.org/tpl1.1/record/gcc-126702","gcc","A","http://www.theplantlist.org/tpl1.1/record/gcc-126702","",FALSE,"","","",""
"96","Rudbeckia subtomentosa","Rudbeckia subtomentosa",FALSE,FALSE,FALSE,TRUE,TRUE,FALSE,FALSE,FALSE,FALSE,NA,96,1,"wfo-0000041666","urn:lsid:ipni.org:names:30275611-2","GCC-249582E5-C77C-442F-A863-F4AA70260EA9","Rudbeckia subtomentosa","SPECIES","wfo-4000033584","Pursh","Asteraceae","","","","Rudbeckia","","subtomentosa","","","","Fl. Amer. Sept. 2: 575 (1813)","ACCEPTED","","","","More details could be found in <a href=http://www.theplantlist.org/tpl1.1/record/gcc-140296 >The Plant List v.1.1.</a> Originally in <a href=http://www.theplantlist.org/tpl/record/gcc-140296 >The Plant List v.1.0</a>","http://www.theplantlist.org/tpl1.1/record/gcc-140296","gcc","A","http://www.theplantlist.org/tpl1.1/record/gcc-140296","",FALSE,"","","",""
"97","Rudbeckia triloba","Rudbeckia triloba",FALSE,FALSE,FALSE,TRUE,TRUE,FALSE,FALSE,FALSE,FALSE,NA,97,1,"wfo-0000134497","urn:lsid:ipni.org:names:241776-1","GCC-BFE7BB7C-14FA-4808-8B38-8EF191476C63","Rudbeckia triloba","SPECIES","wfo-4000033584","L.","Asteraceae","","","","Rudbeckia","","triloba","","","","Sp. Pl. : 907 (1753)","ACCEPTED","","","","More details could be found in <a href=http://www.theplantlist.org/tpl1.1/record/gcc-95282 >The Plant List v.1.1.</a> Originally in <a href=http://www.theplantlist.org/tpl/record/gcc-95282 >The Plant List v.1.0</a>","http://www.theplantlist.org/tpl1.1/record/gcc-95282","gcc","A","http://www.theplantlist.org/tpl1.1/record/gcc-95282","",FALSE,"","","",""
"98","Ruellia humilis","Ruellia humilis",FALSE,FALSE,FALSE,TRUE,TRUE,FALSE,FALSE,FALSE,FALSE,NA,98,1,"wfo-0001045430","urn:lsid:ipni.org:names:54161-1","103977","Ruellia humilis","SPECIES","wfo-4000033594","Nutt.","Acanthaceae","","","","Ruellia","","humilis","","","","Trans. Amer. Philos. Soc. , n.s., 5: 182 (1835)","ACCEPTED","","","","More details could be found in <a href=http://www.theplantlist.org/tpl1.1/record/tro-103977 >The Plant List v.1.1.</a> Originally in <a href=http://www.theplantlist.org/tpl/record/tro-103977 >The Plant List v.1.0</a>","http://www.theplantlist.org/tpl1.1/record/tro-103977","tro","A","http://www.theplantlist.org/tpl1.1/record/tro-103977","",FALSE,"","","",""
"99","Schizachyrium scoparium","Schizachyrium scoparium",FALSE,FALSE,FALSE,TRUE,TRUE,FALSE,FALSE,FALSE,FALSE,NA,99,1,"wfo-0000898183","urn:lsid:ipni.org:names:420956-1","441401","Schizachyrium scoparium","SPECIES","wfo-4000034388","(Michx.) Nash","Poaceae","","","","Schizachyrium","","scoparium","","","","Fl. S.E. U.S. : 59 (1903)","ACCEPTED","","wfo-0000847451","","More details could be found in <a href=http://www.theplantlist.org/tpl1.1/record/kew-441401 >The Plant List v.1.1.</a> Originally in <a href=http://www.theplantlist.org/tpl/record/kew-441401 >The Plant List v.1.0</a>","http://www.theplantlist.org/tpl1.1/record/kew-441401","wcs","A","http://www.theplantlist.org/tpl1.1/record/kew-441401","",FALSE,"","","",""
"100","Senna hebecarpa","Senna hebecarpa",FALSE,FALSE,FALSE,TRUE,TRUE,FALSE,FALSE,FALSE,FALSE,NA,100,1,"wfo-0000175226","urn:lsid:ipni.org:names:234488-2","21356","Senna hebecarpa","SPECIES","wfo-4000035076","(Fernald) H.S.Irwin & Barneby","Fabaceae","","","","Senna","","hebecarpa","","","","Mem. New York Bot. Gard. 35: 446 (1982)","ACCEPTED","","","","More details could be found in <a href=http://www.theplantlist.org/tpl1.1/record/ild-21356 >The Plant List v.1.1.</a> Originally in <a href=http://www.theplantlist.org/tpl/record/ild-21356 >The Plant List v.1.0</a>","http://www.theplantlist.org/tpl1.1/record/ild-21356","ildis","A","http://www.theplantlist.org/tpl1.1/record/ild-21356","",FALSE,"","","",""
"101","Senna marilandica","Senna marilandica",FALSE,FALSE,FALSE,TRUE,TRUE,TRUE,FALSE,FALSE,FALSE,1,101,1,"wfo-0000183492","urn:lsid:ipni.org:names:518344-1","29555","Senna marylandica","SPECIES","wfo-4000035076","(L.) Link","Fabaceae","","","","Senna","","marylandica","","","","Handbuch 2: 140 (1831)","ACCEPTED","","","","More details could be found in <a href=http://www.theplantlist.org/tpl1.1/record/ild-29555 >The Plant List v.1.1.</a> Originally in <a href=http://www.theplantlist.org/tpl/record/ild-29555 >The Plant List v.1.0</a>","http://www.theplantlist.org/tpl1.1/record/ild-29555","ildis","A","http://www.theplantlist.org/tpl1.1/record/ild-29555","",FALSE,"","","",""
"102","Silphium integrifolium","Silphium integrifolium",FALSE,FALSE,FALSE,TRUE,TRUE,FALSE,FALSE,FALSE,FALSE,NA,102,1,"wfo-0000004985","urn:lsid:ipni.org:names:30072268-2","GCC-582A5B57-8E16-412F-A042-A4399CD2FA40","Silphium integrifolium","SPECIES","wfo-4000035376","Michx.","Asteraceae","","","","Silphium","","integrifolium","","","","Fl. Bor.-Amer. 2: 146 (1803)","ACCEPTED","","","","More details could be found in <a href=http://www.theplantlist.org/tpl1.1/record/gcc-104796 >The Plant List v.1.1.</a> Originally in <a href=http://www.theplantlist.org/tpl/record/gcc-104796 >The Plant List v.1.0</a>","http://www.theplantlist.org/tpl1.1/record/gcc-104796","gcc","A","http://www.theplantlist.org/tpl1.1/record/gcc-104796","",FALSE,"","","",""
"103.1","Silphium laciniatum","Silphium laciniatum",FALSE,FALSE,FALSE,FALSE,TRUE,FALSE,FALSE,FALSE,FALSE,NA,103,2,"wfo-0000117950","urn:lsid:ipni.org:names:315757-2","GCC-3D90A87D-8528-4E5F-A386-6B1FF1840600","Silphium laciniatum","SPECIES","wfo-4000035376","L.","Asteraceae","","","","Silphium","","laciniatum","","","","Sp. Pl. : 919 (1753)","ACCEPTED","","","","More details could be found in <a href=http://www.theplantlist.org/tpl1.1/record/gcc-79299 >The Plant List v.1.1.</a> Originally in <a href=http://www.theplantlist.org/tpl/record/gcc-79299 >The Plant List v.1.0</a>","http://www.theplantlist.org/tpl1.1/record/gcc-79299","gcc","A","http://www.theplantlist.org/tpl1.1/record/gcc-79299","",FALSE,"","","","Not a synonym"
"104","Silphium terebinthinaceum","Silphium terebinthinaceum",FALSE,FALSE,FALSE,TRUE,TRUE,FALSE,FALSE,FALSE,FALSE,NA,104,1,"wfo-0000079762","urn:lsid:ipni.org:names:30257140-2","GCC-F7B44FA9-A814-4A3B-9823-4361BC91CA12","Silphium terebinthinaceum","SPECIES","wfo-4000035376","Jacq.","Asteraceae","","","","Silphium","","terebinthinaceum","","","","Hort. Bot. Vindob. 1: 16 (t. 43) (1770)","ACCEPTED","","","","More details could be found in <a href=http://www.theplantlist.org/tpl1.1/record/gcc-36338 >The Plant List v.1.1.</a> Originally in <a href=http://www.theplantlist.org/tpl/record/gcc-36338 >The Plant List v.1.0</a>","http://www.theplantlist.org/tpl1.1/record/gcc-36338","gcc","A","http://www.theplantlist.org/tpl1.1/record/gcc-36338","",FALSE,"","","",""
"105","Sisyrinchium angustifolium","Sisyrinchium angustifolium",FALSE,FALSE,FALSE,FALSE,TRUE,FALSE,FALSE,FALSE,FALSE,NA,105,1,"wfo-0000786370","urn:lsid:ipni.org:names:440925-1","324934","Sisyrinchium angustifolium","SPECIES","wfo-4000035553","Mill.","Iridaceae","","","","Sisyrinchium","","angustifolium","","","","Gard. Dict. ed. 8 : n. 2 (1768)","ACCEPTED","","","","More details could be found in <a href=http://www.theplantlist.org/tpl1.1/record/kew-324934 >The Plant List v.1.1.</a> Originally in <a href=http://www.theplantlist.org/tpl/record/kew-324934 >The Plant List v.1.0</a>","http://www.theplantlist.org/tpl1.1/record/kew-324934","iplants","A","http://www.theplantlist.org/tpl1.1/record/kew-324934","",FALSE,"","","","Not a synonym"
"106.1","Solidago juncea","Solidago juncea",FALSE,FALSE,FALSE,FALSE,TRUE,FALSE,FALSE,FALSE,FALSE,NA,106,2,"wfo-0000129246","urn:lsid:ipni.org:names:249633-1","GCC-4A66E631-9594-4585-B302-8365168986A6","Solidago juncea","SPECIES","wfo-4000035732","Aiton","Asteraceae","","","","Solidago","","juncea","","","","Hort. Kew. 3: 213 (1789)","ACCEPTED","","","","More details could be found in <a href=http://www.theplantlist.org/tpl1.1/record/gcc-90186 >The Plant List v.1.1.</a> Originally in <a href=http://www.theplantlist.org/tpl/record/gcc-90186 >The Plant List v.1.0</a>","http://www.theplantlist.org/tpl1.1/record/gcc-90186","gcc","A","http://www.theplantlist.org/tpl1.1/record/gcc-90186","",FALSE,"","","","Accepted"
"107","Solidago nemoralis","Solidago nemoralis",FALSE,FALSE,FALSE,TRUE,TRUE,FALSE,FALSE,FALSE,FALSE,NA,107,1,"wfo-0000013309","urn:lsid:ipni.org:names:249731-1","GCC-F94F0F34-FBD2-48C0-8B43-B66FC73B34F3","Solidago nemoralis","SPECIES","wfo-4000035732","Aiton","Asteraceae","","","","Solidago","","nemoralis","","","","Hort. Kew. 3: 213 (1789)","ACCEPTED","","","","More details could be found in <a href=http://www.theplantlist.org/tpl1.1/record/gcc-112880 >The Plant List v.1.1.</a> Originally in <a href=http://www.theplantlist.org/tpl/record/gcc-112880 >The Plant List v.1.0</a>","http://www.theplantlist.org/tpl1.1/record/gcc-112880","gcc","A","http://www.theplantlist.org/tpl1.1/record/gcc-112880","",FALSE,"","","",""
"108","Solidago speciosa","Solidago speciosa",FALSE,FALSE,FALSE,FALSE,TRUE,FALSE,FALSE,FALSE,FALSE,NA,108,1,"wfo-0000032825","","GCC-DEAC5B47-EF39-4C35-8928-E1A22DA54FE0","Solidago speciosa","SPECIES","wfo-4000035732","A.Gray","Asteraceae","","","","Solidago","","speciosa","","","","","ACCEPTED","","","","More details could be found in <a href=http://www.theplantlist.org/tpl1.1/record/gcc-131742 >The Plant List v.1.1.</a> Originally in <a href=http://www.theplantlist.org/tpl/record/gcc-131742 >The Plant List v.1.0</a>","https://wcvp.science.kew.org/taxon/240517-2","gcc","A","http://www.theplantlist.org/tpl1.1/record/gcc-131742","",FALSE,"","","","smallest ID"
"109","Sorghastrum nutans","Sorghastrum nutans",FALSE,FALSE,FALSE,TRUE,TRUE,FALSE,FALSE,FALSE,FALSE,NA,109,1,"wfo-0000900100","urn:lsid:ipni.org:names:240823-2","443203","Sorghastrum nutans","SPECIES","wfo-4000035800","Nash in Small","Poaceae","","","","Sorghastrum","","nutans","","","","Fl. S.E. U.S. : 66 (1903)","ACCEPTED","","wfo-0000847133","","More details could be found in <a href=http://www.theplantlist.org/tpl1.1/record/kew-443203 >The Plant List v.1.1.</a> Originally in <a href=http://www.theplantlist.org/tpl/record/kew-443203 >The Plant List v.1.0</a>","http://www.theplantlist.org/tpl1.1/record/kew-443203","wcs","A","http://www.theplantlist.org/tpl1.1/record/kew-443203","",FALSE,"","","",""
"110","Spiraea alba","Spiraea alba",FALSE,FALSE,FALSE,FALSE,TRUE,FALSE,FALSE,FALSE,FALSE,NA,110,1,"wfo-0000985576","","1282","Spiraea alba","SPECIES","wfo-4000036101","Du Roi","Rosaceae","","","","Spiraea","","alba","","","","Die Harbkesche wilde Baumzucht ; 1771 430 1772","ACCEPTED","","","","More details could be found in <a href=http://www.theplantlist.org/tpl1.1/record/rjp-1282 >The Plant List v.1.1.</a> Originally in <a href=http://www.theplantlist.org/tpl/record/rjp-1282 >The Plant List v.1.0</a>","http://www.theplantlist.org/tpl1.1/record/rjp-1282","rjp","A","http://www.theplantlist.org/tpl1.1/record/rjp-1282","",FALSE,"","","","Accepted"
"111","Sporobolus heterolepis","Sporobolus heterolepis",FALSE,FALSE,FALSE,TRUE,TRUE,FALSE,FALSE,FALSE,FALSE,NA,111,1,"wfo-0000901178","urn:lsid:ipni.org:names:1026241-2","444230","Sporobolus heterolepis","SPECIES","wfo-4000036182","(A.Gray) A.Gray","Poaceae","","","","Sporobolus","","heterolepis","","","","Manual : 576 (1848)","ACCEPTED","","","","More details could be found in <a href=http://www.theplantlist.org/tpl1.1/record/kew-444230 >The Plant List v.1.1.</a> Originally in <a href=http://www.theplantlist.org/tpl/record/kew-444230 >The Plant List v.1.0</a>","http://www.theplantlist.org/tpl1.1/record/kew-444230","wcs","A","http://www.theplantlist.org/tpl1.1/record/kew-444230","",FALSE,"","","",""
"112","Symphyotrichum ericoides","Symphyotrichum ericoides",FALSE,FALSE,FALSE,TRUE,TRUE,FALSE,FALSE,FALSE,FALSE,NA,112,1,"wfo-0000065053","urn:lsid:ipni.org:names:981811-1","GCC-DC9D8E69-A41F-4858-B499-28A90966345E","Symphyotrichum ericoides","SPECIES","wfo-4000037221","(L.) G.L.Nesom","Asteraceae","","","","Symphyotrichum","","ericoides","","","","Phytologia 77(3): 280 (1995)","ACCEPTED","","wfo-0000031058","","More details could be found in <a href=http://www.theplantlist.org/tpl1.1/record/gcc-21986 >The Plant List v.1.1.</a> Originally in <a href=http://www.theplantlist.org/tpl/record/gcc-21986 >The Plant List v.1.0</a>","http://www.theplantlist.org/tpl1.1/record/gcc-21986","gcc","A","http://www.theplantlist.org/tpl1.1/record/gcc-21986","",FALSE,"","","",""
"113","Symphyotrichum laeve","Symphyotrichum laeve",FALSE,FALSE,FALSE,FALSE,TRUE,FALSE,FALSE,FALSE,FALSE,NA,113,1,"wfo-0000034482","urn:lsid:ipni.org:names:247114-2","GCC-A97860C0-ABA7-4B9E-AEAB-E5499C6A85C1","Symphyotrichum laeve","SPECIES","wfo-4000037221","(L.) .Lve & D.Lve","Asteraceae","","","","Symphyotrichum","","laeve","","","","Taxon 31: 359 (1982)","ACCEPTED","","","","More details could be found in <a href=http://www.theplantlist.org/tpl1.1/record/gcc-133338 >The Plant List v.1.1.</a> Originally in <a href=http://www.theplantlist.org/tpl/record/gcc-133338 >The Plant List v.1.0</a>","https://wcvp.science.kew.org/taxon/247114-2","gcc","A","http://www.theplantlist.org/tpl1.1/record/gcc-133338","",FALSE,"","","","smallest ID"
"114","Symphyotrichum novae.angliae","Symphyotrichum novae.angliae",FALSE,FALSE,FALSE,TRUE,TRUE,TRUE,FALSE,FALSE,FALSE,1,114,1,"wfo-0000115996","urn:lsid:ipni.org:names:981863-1","GCC-BFC967B5-5C07-4F49-A561-66D9BF32C1EB","Symphyotrichum novae-angliae","SPECIES","wfo-4000037221","(L.) G.L.Nesom","Asteraceae","","","","Symphyotrichum","","novae-angliae","","","","Phytologia 77(3): 287 (1995)","ACCEPTED","","wfo-0000047975","","More details could be found in <a href=http://www.theplantlist.org/tpl1.1/record/gcc-77418 >The Plant List v.1.1.</a> Originally in <a href=http://www.theplantlist.org/tpl/record/gcc-77418 >The Plant List v.1.0</a>","http://www.theplantlist.org/tpl1.1/record/gcc-77418","gcc","A","http://www.theplantlist.org/tpl1.1/record/gcc-77418","",FALSE,"","","",""
"115","Symphyotrichum oolentangiense","Symphyotrichum oolentangiense",FALSE,FALSE,FALSE,TRUE,TRUE,FALSE,FALSE,FALSE,FALSE,NA,115,1,"wfo-0000137818","urn:lsid:ipni.org:names:1176026-2","GCC-466A57ED-C5BD-470E-B3F4-9640EA2C98D1","Symphyotrichum oolentangiense","SPECIES","wfo-4000037221","(Riddell) G.L.Nesom","Asteraceae","","","","Symphyotrichum","","oolentangiense","","","","Phytologia 77: 288. 1995 [31 Jan 1995]","ACCEPTED","","wfo-0000119885","","More details could be found in <a href=http://www.theplantlist.org/tpl1.1/record/gcc-98486 >The Plant List v.1.1.</a> Originally in <a href=http://www.theplantlist.org/tpl/record/gcc-98486 >The Plant List v.1.0</a>","http://www.theplantlist.org/tpl1.1/record/gcc-98486","gcc","A","http://www.theplantlist.org/tpl1.1/record/gcc-98486","",FALSE,"","","",""
"116","Symphyotrichum sericeum","Symphyotrichum sericeum",FALSE,FALSE,FALSE,TRUE,TRUE,FALSE,FALSE,FALSE,FALSE,NA,116,1,"wfo-0000130674","urn:lsid:ipni.org:names:981898-1","GCC-780F989C-40A2-4E2E-A09D-86A79CDA0CAD","Symphyotrichum sericeum","SPECIES","wfo-4000037221","(Vent.) G.L.Nesom","Asteraceae","","","","Symphyotrichum","","sericeum","","","","Phytologia 77(3): 291 (1995)","ACCEPTED","","wfo-0000043430","","More details could be found in <a href=http://www.theplantlist.org/tpl1.1/record/gcc-91566 >The Plant List v.1.1.</a> Originally in <a href=http://www.theplantlist.org/tpl/record/gcc-91566 >The Plant List v.1.0</a>","http://www.theplantlist.org/tpl1.1/record/gcc-91566","gcc","A","http://www.theplantlist.org/tpl1.1/record/gcc-91566","",FALSE,"","","",""
"117","Teucrium canadense","Teucrium canadense",FALSE,FALSE,FALSE,TRUE,TRUE,FALSE,FALSE,FALSE,FALSE,NA,117,1,"wfo-0000321931","urn:lsid:ipni.org:names:30057247-2","202732","Teucrium canadense","SPECIES","wfo-4000038030","L.","Lamiaceae","","","","Teucrium","","canadense","","","","Sp. Pl. : 564 (1753)","ACCEPTED","","","","More details could be found in <a href=http://www.theplantlist.org/tpl1.1/record/kew-202732 >The Plant List v.1.1.</a> Originally in <a href=http://www.theplantlist.org/tpl/record/kew-202732 >The Plant List v.1.0</a>","http://www.theplantlist.org/tpl1.1/record/kew-202732","wcs","A","http://www.theplantlist.org/tpl1.1/record/kew-202732","",FALSE,"","","",""
"118","Thalictrum dasycarpum","Thalictrum dasycarpum",FALSE,FALSE,FALSE,TRUE,TRUE,FALSE,FALSE,FALSE,FALSE,NA,118,1,"wfo-0000453968","urn:lsid:ipni.org:names:714364-1","648806","Thalictrum dasycarpum","SPECIES","wfo-4000038055","Fisch., C.A.Mey. & Av-Lall.","Ranunculaceae","","","","Thalictrum","","dasycarpum","","","","Index Seminum (LE, Petropolitanus) 8: 72 (1842)","ACCEPTED","","","","More details could be found in <a href=http://www.theplantlist.org/tpl1.1/record/kew-2512534 >The Plant List v.1.1.</a> Originally in <a href=http://www.theplantlist.org/tpl/record/kew-2512534 >The Plant List v.1.0</a>","http://www.theplantlist.org/tpl1.1/record/kew-2512534","cmp","A","http://www.theplantlist.org/tpl1.1/record/kew-2512534","",FALSE,"","","",""
"119","Tradescantia ohiensis","Tradescantia ohiensis",FALSE,FALSE,FALSE,TRUE,TRUE,FALSE,FALSE,FALSE,FALSE,NA,119,1,"wfo-0000589305","urn:lsid:ipni.org:names:173408-1","270385","Tradescantia ohiensis","SPECIES","wfo-4000038758","Raf.","Commelinaceae","","","","Tradescantia","","ohiensis","","","","Prcis Dcouv. Somiol. : 45 (1814)","ACCEPTED","","","","More details could be found in <a href=http://www.theplantlist.org/tpl1.1/record/kew-270385 >The Plant List v.1.1.</a> Originally in <a href=http://www.theplantlist.org/tpl/record/kew-270385 >The Plant List v.1.0</a>","http://www.theplantlist.org/tpl1.1/record/kew-270385","wcs","A","http://www.theplantlist.org/tpl1.1/record/kew-270385","",FALSE,"","","",""
"120.1","Vernonia fasciculata","Vernonia fasciculata",FALSE,FALSE,FALSE,FALSE,TRUE,FALSE,FALSE,FALSE,FALSE,NA,120,2,"wfo-0000123366","urn:lsid:ipni.org:names:258347-1","GCC-29B68E7B-5CDF-4D00-9FC1-0FBCB990F3F8","Vernonia fasciculata","SPECIES","wfo-4000040166","Michx.","Asteraceae","","","","Vernonia","","fasciculata","","","","Fl. Bor.-Amer. 2: 94 (1803)","ACCEPTED","","","","More details could be found in <a href=http://www.theplantlist.org/tpl1.1/record/gcc-8451 >The Plant List v.1.1.</a> Originally in <a href=http://www.theplantlist.org/tpl/record/gcc-8451 >The Plant List v.1.0</a>","http://www.theplantlist.org/tpl1.1/record/gcc-8451","gcc","A","http://www.theplantlist.org/tpl1.1/record/gcc-8451","",FALSE,"","","","Not a synonym"
"121","Vernonia altissima","Vernonia altissima",FALSE,FALSE,FALSE,FALSE,TRUE,FALSE,FALSE,FALSE,FALSE,NA,121,1,"wfo-0000051948","","GCC-08926C1E-B369-470B-8800-702F19BEAAAD","Vernonia gigantea","SPECIES","wfo-4000040166","(Walt.) trelease ex Branner & Coville","Asteraceae","","","","Vernonia","","gigantea","","","","Rep. Geol. Surv. Ark. 1888(4): 189. 1891","ACCEPTED","","","","More details could be found in <a href=http://www.theplantlist.org/tpl1.1/record/gcc-150501 >The Plant List v.1.1.</a> Originally in <a href=http://www.theplantlist.org/tpl/record/gcc-150501 >The Plant List v.1.0</a>","https://wcvp.science.kew.org/taxon/258416-1","gcc","A","http://www.theplantlist.org/tpl1.1/record/gcc-150501","",TRUE,"SYNONYM","wfo-0000006552","Vernonia altissima","smallest ID"
"122","Vernonia missurica","Vernonia missurica",FALSE,FALSE,FALSE,TRUE,TRUE,FALSE,FALSE,FALSE,FALSE,NA,122,1,"wfo-0000023133","urn:lsid:ipni.org:names:30038166-2","GCC-C39F5213-C449-47EE-A530-CBD34978B02F","Vernonia missurica","SPECIES","wfo-4000040166","Raf.","Asteraceae","","","","Vernonia","","missurica","","","","28 1833","ACCEPTED","","","","More details could be found in <a href=http://www.theplantlist.org/tpl1.1/record/gcc-122358 >The Plant List v.1.1.</a> Originally in <a href=http://www.theplantlist.org/tpl/record/gcc-122358 >The Plant List v.1.0</a>","http://www.theplantlist.org/tpl1.1/record/gcc-122358","gcc","A","http://www.theplantlist.org/tpl1.1/record/gcc-122358","",FALSE,"","","",""
"123","Verbena stricta","Verbena stricta",FALSE,FALSE,FALSE,TRUE,TRUE,FALSE,FALSE,FALSE,FALSE,NA,123,1,"wfo-0000332368","urn:lsid:ipni.org:names:865493-1","212733","Verbena stricta","SPECIES","wfo-4000040140","Vent.","Verbenaceae","","","","Verbena","","stricta","","","","Descr. Pl. Nouv. : t. 53 (1801)","ACCEPTED","","","","More details could be found in <a href=http://www.theplantlist.org/tpl1.1/record/kew-212733 >The Plant List v.1.1.</a> Originally in <a href=http://www.theplantlist.org/tpl/record/kew-212733 >The Plant List v.1.0</a>","http://www.theplantlist.org/tpl1.1/record/kew-212733","wcs","A","http://www.theplantlist.org/tpl1.1/record/kew-212733","",FALSE,"","","",""
"124","Veronicastrum virginicum","Veronicastrum virginicum",FALSE,FALSE,FALSE,TRUE,TRUE,FALSE,FALSE,FALSE,FALSE,NA,124,1,"wfo-0000425146","urn:lsid:ipni.org:names:264772-2","599471","Veronicastrum virginicum","SPECIES","wfo-4000040174","(L.) Farw.","Plantaginaceae","","","","Veronicastrum","","virginicum","","","","Druggists' Circ. 61: 231 (1917)","ACCEPTED","","wfo-0000425955","","More details could be found in <a href=http://www.theplantlist.org/tpl1.1/record/kew-2461992 >The Plant List v.1.1.</a> Originally in <a href=http://www.theplantlist.org/tpl/record/kew-2461992 >The Plant List v.1.0</a>","http://www.theplantlist.org/tpl1.1/record/kew-2461992","cmp","A","http://www.theplantlist.org/tpl1.1/record/kew-2461992","",FALSE,"","","",""
"125","Viola pedatifida","Viola pedatifida",FALSE,FALSE,FALSE,TRUE,TRUE,FALSE,FALSE,FALSE,FALSE,NA,125,1,"wfo-0001144425","urn:lsid:ipni.org:names:317477-2","33800035","Viola pedatifida","SPECIES","wfo-4000040312","G.Don","Violaceae","","","","Viola","","pedatifida","","","","Gen. Hist. 1: 320 (1831)","ACCEPTED","","","","More details could be found in <a href=http://www.theplantlist.org/tpl1.1/record/tro-33800035 >The Plant List v.1.1.</a> Originally in <a href=http://www.theplantlist.org/tpl/record/tro-33800035 >The Plant List v.1.0</a>","http://www.theplantlist.org/tpl1.1/record/tro-33800035","tro","A","http://www.theplantlist.org/tpl1.1/record/tro-33800035","",FALSE,"","","",""
"126","Zizia aptera","Zizia aptera",FALSE,FALSE,FALSE,TRUE,TRUE,FALSE,FALSE,FALSE,FALSE,NA,126,1,"wfo-0001067720","urn:lsid:ipni.org:names:271187-2","1700262","Zizia aptera","SPECIES","wfo-4000041241","(A.Gray) Fernald","Apiaceae","","","","Zizia","","aptera","","","","Rhodora 41: 441 (1939)","ACCEPTED","","wfo-0001231476","","More details could be found in <a href=http://www.theplantlist.org/tpl1.1/record/tro-1700262 >The Plant List v.1.1.</a> Originally in <a href=http://www.theplantlist.org/tpl/record/tro-1700262 >The Plant List v.1.0</a>","http://www.theplantlist.org/tpl1.1/record/tro-1700262","tro","A","http://www.theplantlist.org/tpl1.1/record/tro-1700262","",FALSE,"","","",""
"127","Zizia aurea","Zizia aurea",FALSE,FALSE,FALSE,TRUE,TRUE,FALSE,FALSE,FALSE,FALSE,NA,127,1,"wfo-0001067721","urn:lsid:ipni.org:names:30233130-2","1700263","Zizia aurea","SPECIES","wfo-4000041241","(L.) W.D.J.Koch","Apiaceae","","","","Zizia","","aurea","","","","Nova Acta Phys.-Med. Acad. Caes. Leop.-Carol. Nat. Cur. 12(1): 129. 1824 [ante 28 Oct 1824]","ACCEPTED","","","","More details could be found in <a href=http://www.theplantlist.org/tpl1.1/record/tro-1700263 >The Plant List v.1.1.</a> Originally in <a href=http://www.theplantlist.org/tpl/record/tro-1700263 >The Plant List v.1.0</a>","http://www.theplantlist.org/tpl1.1/record/tro-1700263","tro","A","http://www.theplantlist.org/tpl1.1/record/tro-1700263","",FALSE,"","","",""
